Workbook
Name Currency: '[1]Fixed&Misc Charges-Assumptions'!$K$2:$K$6
Name kk: '[1]Master FG'!$B$2:$B$172
Name Slicer_MC_ROUTING: #N/A
Name Slicer_MC_ROUTING1: #N/A

Sheet ITEM MASTER
A1: Item Id | B1: BOM Hdr Item Name | C1: Brand | D1: Item Id1 | E1: Item_Name | F1: Qty | G1: UOM_Name
A2: 34540 | B2: 108 LIFE DETOX 24/30 PYRAMID ENV TBGS | C2: 108 LIFE | D2: 34543 | E2: 108 LIFE DETOX 30 PYRAMID ENV TBGS | F2: 24 | G2: CTN | H2: BLEND DETOX HERBAL 108 PY TB
A3: 34541 | B3: 108 LIFE HIBISCUS LEMON GINGER 24/30 PYRAMID ENV TBGS | C3: 108 LIFE | D3: 34542 | E3: 108 LIFE HIBISCUS LEMON GINGER 30 PYRAMID ENV TBGS | F3: 24 | G3: CTN | H3: BLEND HERBAL LEMON GINGER CC EXOTIC
A4: 34539 | B4: 108 LIFE KASHMIRI KAHWA 24/30 PYRAMID ENV TBGS | C4: 108 LIFE | D4: 34544 | E4: 108 LIFE KASHMIRI KAHWA 30 PYRAMID ENV TBGS | F4: 24 | G4: CTN | H4: BLEND GREEN TEA KASHMIRI KAHWA CC EXOTIC
A5: 2738 | B5: AARAMBHA ASSAM BOGO 48/25 DC SF TAG TBGS | C5: AARAMBHA | D5: 2739 | E5: AARAMBHA ASSAM 25 DC SF TAG TBGS | F5: 48 | G5: CTN | H5: BLEND 909
A6: 19192 | B6: AARAMBHA ASSAM CTC TEA 36/100 DC SF HS TAG TBGS | C6: AARAMBHA | D6: 19191 | E6: AARAMBHA ASSAM CTC TEA 100 DC SF HS TAG TBGS | F6: 36 | G6: CTN | H6: BLEND 909
A7: 2751 | B7: AARAMBHA GREEN 24/25 DC SF HS ENV TBGS | C7: AARAMBHA | D7: 2752 | E7: AARAMBHA GREEN 25 DC SF HS ENV TBGS | F7: 24 | G7: CTN | H7: BLEND TEAME GREEN
A8: 18991 | B8: AARAMBHA HONEY LEMON GREEN 24/25 DC SF HS ENV TBGS | C8: AARAMBHA | D8: 2758 | E8: AARAMBHA HONEY LEMON GREEN 25 DC SF HS ENV TBGS | F8: 24 | G8: CTN | H8: BLEND GREEN TEA HONEY LEMON RELIANCE TBC
A9: 28708 | B9: AFRICA CHOICE 12/100 DC ENV TBGS | C9: AFRICA`S CHOICE | D9: 28717 | E9: AFRICA CHOICE 100 DC ENV TBGS | F9: 12 | G9: CTN | H9: BLEND 786
A10: 26730 | B10: AFRICA CHOICE 24/25 DC ENV TBGS | C10: AFRICA`S CHOICE | D10: 26752 | E10: AFRICA CHOICE 25 DC ENV TBGS | F10: 24 | G10: CTN | H10: BLEND 786
A11: 21745 | B11: AHOLD RFA 12/100 DCF PENV TBGS | C11: AHOLD | D11: 21757 | E11: AHOLD RFA 100 DCF PENV TBGS | F11: 12 | G11: CTN | H11: BLEND 7001RF
A12: 21758 | B12: AHOLD RFA 12/100 PENV TBGS | C12: AHOLD | D12: 21765 | E12: AHOLD RFA 100 PENV TBGS | F12: 12 | G12: CTN | H12: BLEND 7002RF
A13: 22180 | B13: AHOLD STOP SHOP 12/24 PFSTAG TBGS | C13: AHOLD | D13: 22801 | E13: AHOLD STOP SHOP 24 PFSTAG TBGS | F13: 12 | G13: CTN | H13: BLEND 7004RF
... A21: 20485 | B21: AL FINA 12/100 DC ENV TBGS | C21: AL FINA | D21: 20488 | E21: AL FINA 100 DC ENV TBGS WITHOUT SPOON | F21: 12 | G21: CTN | H21: BLEND A33
A22: 990 | B22: AL FINA 12/100 DC ENV TBGS WITH SPOON | C22: AL FINA | D22: 991 | E22: AL FINA 100 DC ENV TBGS | F22: 12 | G22: CTN | H22: =#N/A
A23: 996 | B23: AL FINA 12/100 DC ENV TBGS WITH SPOON AND TSHIRT | C23: AL FINA | D23: 991 | E23: AL FINA 100 DC ENV TBGS | F23: 12 | G23: CTN | H23: =#N/A
A24: 22432 | B24: AL FINA 12/100 DC ENV TBGS WITH SPOON AND TSHIRT NPBQ | C24: AL FINA | D24: 22430 | E24: AL FINA 100 DC ENV TBGS WITH SPOON (NPBQ) | F24: 12 | G24: CTN | H24: BLEND A33
A25: 22432 | B25: AL FINA 12/100 DC ENV TBGS WITH SPOON AND TSHIRT NPBQ | C25: AL FINA | D25: 22948 | E25: AL FINA 12/100 DC ENV TBGS WITH SPOON NPBQ | F25: 1 | G25: CFC | H25: =#N/A
A26: 22948 | B26: AL FINA 12/100 DC ENV TBGS WITH SPOON NPBQ | C26: AL FINA | D26: 22430 | E26: AL FINA 100 DC ENV TBGS WITH SPOON (NPBQ) | F26: 12 | G26: CTN | H26: BLEND A33
A27: 28506 | B27: AL FINA 12/100 DC ENV TBGS WITH T-SHIRT | C27: AL FINA | D27: 20488 | E27: AL FINA 100 DC ENV TBGS WITHOUT SPOON | F27: 12 | G27: CTN | H27: BLEND A33
A28: 1003 | B28: AL FINA 12/100 SC ENV TBGS WITH SPOON | C28: AL FINA | D28: 1004 | E28: AL FINA 100 SC ENV TBGS | F28: 12 | G28: CTN | H28: =#N/A
A29: 1010 | B29: AL FINA 12/106 SC TAG TBGS | C29: AL FINA | D29: 1011 | E29: AL FINA 106 SC TAG TBGS | F29: 12 | G29: CTN | H29: =#N/A
A30: 17796 | B30: AL FINA 12/107 DC ENV TBGS (SKV) | C30: AL FINA | D30: 17872 | E30: AL FINA 107 DC ENV TBGS (SKV) | F30: 12 | G30: CTN | H30: BLEND A33
A31: 1016 | B31: AL FINA 24/25 DC ENV TBGS | C31: AL FINA | D31: 1021 | E31: AL FINA 25 DC ENV TBGS | F31: 24 | G31: CTN | H31: BLEND A33
A32: 17798 | B32: AL FINA 24/25 DC ENV TBGS (SKV) | C32: AL FINA | D32: 17873 | E32: AL FINA 25 DC ENV TBGS (SKV) | F32: 24 | G32: CTN | H32: BLEND A33
A33: 1020 | B33: AL FINA 24/25 DC ENV TBGS WITH TSHIRT | C33: AL FINA | D33: 1021 | E33: AL FINA 25 DC ENV TBGS | F33: 24 | G33: CTN | H33: BLEND A33
A34: 1022 | B34: AL FINA 24/50 DC ENV TBGS | C34: AL FINA | D34: 1027 | E34: AL FINA 50 DC ENV TBGS | F34: 24 | G34: CTN | H34: BLEND A33
A35: 1026 | B35: AL FINA 24/50 DC ENV TBGS WITH TSHIRT | C35: AL FINA | D35: 1027 | E35: AL FINA 50 DC ENV TBGS | F35: 24 | G35: CTN | H35: BLEND A33
A36: 1028 | B36: AL FINA 48/25 DC ENV TBGS WITH TSHIRT | C36: AL FINA | D36: 1021 | E36: AL FINA 25 DC ENV TBGS | F36: 48 | G36: CTN | H36: BLEND A33
A37: 1031 | B37: AL FINA 6/130 DC ENV TBGS PLASIC BOX | C37: AL FINA | D37: 1032 | E37: AL FINA 130 DC ENV TBGS PLASIC BOX | F37: 6 | G37: CTN | H37: BLEND A33
A38: 1037 | B38: AL FINA 80/25 SC ENV TBGS WITH T-SHIRT | C38: AL FINA | D38: 1038 | E38: AL FINA 25 SC ENV TBGS | F38: 80 | G38: CTN | H38: =#N/A
A39: 1041 | B39: AL FINA 80/27 SC TAG TBGS WITH TSHIRT | C39: AL FINA | D39: 1042 | E39: AL FINA 27 SC TAG TBGS WITH TSHIRT | F39: 80 | G39: CTN | H39: =#N/A
A40: 1047 | B40: AL FINA BLACK TEA CRANBERRY APPLE 24/25 SC ENV TBGS TSHIRT | C40: AL FINA | D40: 1048 | E40: AL FINA BLACK TEA CRANBERRY APPLE 25 SC ENV TBGS TSHIRT | F40: 24 | G40: CTN | H40: =#N/A
A41: 1053 | B41: AL FINA BLOOD PRESSURE 24/25 SC ENV TBGS | C41: AL FINA | D41: 1054 | E41: AL FINA BLOOD PRESSURE 25 SC ENV TBGS | F41: 24 | G41: CTN | H41: =#N/A
A42: 1060 | B42: AL FINA BLOOD PRESSURE 24/25 SC ENV TBGS WITH TSHIRT | C42: AL FINA | D42: 1054 | E42: AL FINA BLOOD PRESSURE 25 SC ENV TBGS | F42: 24 | G42: CTN | H42: =#N/A
A43: 33775 | B43: AL FINA CAPPUCCINO 3 IN 1 (25 GMS) 12 STRIPS X 10 SACHETS | C43: AL FINA | D43: 33862 | E43: AL FINA CAPPUCCINO 3 IN 1 (25GMS) | F43: 120 | G43: POUCH | H43: BLEND INSTANT CAPPUCCINO AFRICA
A44: 33775 | B44: AL FINA CAPPUCCINO 3 IN 1 (25 GMS) 12 STRIPS X 10 SACHETS | C44: AL FINA | D44: 33863 | E44: AL FINA CAPPUCCINO CHOCO GRANULE (0.5 GMS) | F44: 120 | G44: POUCH | H44: BLEND INSTANT CAPPUCCINO COCO GRANULE AFRICA
A45: 33936 | B45: AL FINA CAPPUCCINO 3 IN 1 (25 GMS) 12 STRIPS X 10 SACHETS WITH HANGER | C45: AL FINA | D45: 33862 | E45: AL FINA CAPPUCCINO 3 IN 1 (25GMS) | F45: 120 | G45: POUCH | H45: BLEND INSTANT CAPPUCCINO AFRICA
A46: 26081 | B46: AL FINA CHAMOMILE 24/25 DC ENV TBGS | C46: AL FINA | D46: 26526 | E46: AL FINA CHAMOMILE 25 DC ENV TBGS | F46: 24 | G46: CTN | H46: BLEND CHAMOMILE
A47: 1062 | B47: AL FINA CHAMOMILE 24/25 SC ENV TBGS | C47: AL FINA | D47: 1063 | E47: AL FINA CHAMOMILE 25 SC ENV TBGS | F47: 24 | G47: CTN | H47: =#N/A
A48: 21229 | B48: AL FINA CHAMOMILE 24/25 SC ENV TBGS WITH TSHIRT | C48: AL FINA | D48: 1063 | E48: AL FINA CHAMOMILE 25 SC ENV TBGS | F48: 24 | G48: CTN | H48: =#N/A
A49: 27980 | B49: AL FINA CINNAMON 24/25 DC ENV TBGS | C49: AL FINA | D49: 28052 | E49: AL FINA CINNAMON 25 DC ENV TBGS | F49: 24 | G49: CTN | H49: BLEND BLACK TEA CINNAMON SPICE TBC - AF
A50: 22344 | B50: AL FINA CINNAMON 24/25 SC ENV TBGS | C50: AL FINA | D50: 22351 | E50: AL FINA CINNAMON 25 SC ENV TBGS | F50: 24 | G50: CTN | H50: =#N/A
A51: 22433 | B51: AL FINA CINNAMON 24/25 SC ENV TBGS WITH TSHIRT | C51: AL FINA | D51: 22351 | E51: AL FINA CINNAMON 25 SC ENV TBGS | F51: 24 | G51: CTN | H51: =#N/A
A52: 20856 | B52: AL FINA CLASSIC 12/100 DC ENV TBGS | C52: AL FINA | D52: 20862 | E52: AL FINA CLASSIC 100 DC ENV TBGS | F52: 12 | G52: CTN | H52: BLEND 786
A53: 20857 | B53: AL FINA CLASSIC 24/25 DC ENV TBGS | C53: AL FINA | D53: 20863 | E53: AL FINA CLASSIC 25 DC ENV TBGS | F53: 24 | G53: CTN | H53: =#N/A
A54: 31017 | B54: AL FINA CLOVE 24/25 DC ENV TBGS | C54: AL FINA | D54: 31030 | E54: AL FINA CLOVE 25 DC ENV TBGS | F54: 24 | G54: CTN | H54: BLEND BLACK TEA CLOVE TBC
A55: 22343 | B55: AL FINA CLOVE 24/25 SC ENV TBGS | C55: AL FINA | D55: 22352 | E55: AL FINA CLOVE 25 SC ENV TBGS | F55: 24 | G55: CTN | H55: =#N/A
A56: 23136 | B56: AL FINA COCKTAIL 24/25 DC ENV TBGS | C56: AL FINA | D56: 23166 | E56: AL FINA COCKTAIL 25 DC ENV TBGS | F56: 24 | G56: CTN | H56: BLEND BLACK TEA COCKTAIL TBC
A57: 1068 | B57: AL FINA COCKTAIL 24/25 SC ENV TBGS | C57: AL FINA | D57: 1069 | E57: AL FINA COCKTAIL 25 SC ENV TBGS | F57: 24 | G57: CTN | H57: =#N/A
A58: 32832 | B58: AL FINA COFFEE 3 IN 1 (20 GMS) 12 STRIPS X 10 SACHETS | C58: AL FINA | D58: 32936 | E58: AL FINA COFFEE 3 IN 1 (20GMS) | F58: 120 | G58: POUCH | H58: BLEND INSTANT COFFEE AFRICA
A59: 34031 | B59: AL FINA COFFEE 3 IN 1 (20 GMS) 12 STRIPS X 10 SACHETS WITH HANGER | C59: AL FINA | D59: 32936 | E59: AL FINA COFFEE 3 IN 1 (20GMS) | F59: 120 | G59: POUCH | H59: BLEND INSTANT COFFEE AFRICA
A60: 26059 | B60: AL FINA CRANBERRY APPLE 24/25 DC ENV TBGS | C60: AL FINA | D60: 26060 | E60: AL FINA CRANBERRY APPLE 25 DC ENV TBGS | F60: 24 | G60: CTN | H60: BLEND CRANBERRY APPLE
A61: 1075 | B61: AL FINA CRANBERRY APPLE 24/25 SC ENV TBGS | C61: AL FINA | D61: 1076 | E61: AL FINA CRANBERRY APPLE 25 SC ENV TBGS | F61: 24 | G61: CTN | H61: =#N/A
A62: 1080 | B62: AL FINA CRANBERRY APPLE 24/25 SC ENV TBGS WITH TSHIRT | C62: AL FINA | D62: 1076 | E62: AL FINA CRANBERRY APPLE 25 SC ENV TBGS | F62: 24 | G62: CTN | H62: =#N/A
A63: 20535 | B63: AL FINA CRANBERRY APPLE 24/25 SC ENV TBGS WITH TSHIRT - 2GMS | C63: AL FINA | D63: 20540 | E63: AL FINA CRANBERRY APPLE 25 SC ENV TBGS - 2GMS | F63: 24 | G63: CTN | H63: =#N/A
A64: 1082 | B64: AL FINA DIABETIC 24/25 SC ENV TBGS | C64: AL FINA | D64: 1083 | E64: AL FINA DIABETIC 25 SC ENV TBGS | F64: 24 | G64: CTN | H64: =#N/A
A65: 1088 | B65: AL FINA DIABETIC 24/25 SC ENV TBGS WITH TSHIRT | C65: AL FINA | D65: 1083 | E65: AL FINA DIABETIC 25 SC ENV TBGS | F65: 24 | G65: CTN | H65: =#N/A
A66: 23775 | B66: AL FINA DIGESTIVE 24/25 DC ENV TBGS | C66: AL FINA | D66: 24559 | E66: AL FINA DIGESTIVE 25 DC ENV TBGS | F66: 24 | G66: CTN | H66: BLEND HERBAL DIGESTIVE TBC
A67: 1090 | B67: AL FINA DIGESTIVE 24/25 SC ENV TBGS | C67: AL FINA | D67: 1091 | E67: AL FINA DIGESTIVE 25 SC ENV TBGS | F67: 24 | G67: CTN | H67: =#N/A
A68: 1096 | B68: AL FINA DIGESTIVE 24/25 SC ENV TBGS WITH TSHIRT | C68: AL FINA | D68: 1091 | E68: AL FINA DIGESTIVE 25 SC ENV TBGS | F68: 24 | G68: CTN | H68: =#N/A
A69: 21465 | B69: AL FINA ECONOMY 12/100 DC ENV TBGS | C69: AL FINA | D69: 21498 | E69: AL FINA ECONOMY 100 DC ENV TBGS | F69: 12 | G69: CTN | H69: BLEND A-132
A70: 21919 | B70: AL FINA ECONOMY 24/25 DC ENV TBGS | C70: AL FINA | D70: 21921 | E70: AL FINA ECONOMY 25 DC ENV TBGS | F70: 24 | G70: CTN | H70: BLEND A-132
A71: 23778 | B71: AL FINA ENERGIZER 24/25 DC ENV TBGS | C71: AL FINA | D71: 24562 | E71: AL FINA ENERGIZER 25 DC ENV TBGS | F71: 24 | G71: CTN | H71: BLEND HERBAL ENERGY TBC
A72: 1098 | B72: AL FINA ENERGIZER 24/25 SC ENV TBGS | C72: AL FINA | D72: 1099 | E72: AL FINA ENERGIZER 25 SC ENV TBGS | F72: 24 | G72: CTN | H72: =#N/A
A73: 1104 | B73: AL FINA ENERGIZER 24/25 SC ENV TBGS WITH TSHIRT | C73: AL FINA | D73: 1099 | E73: AL FINA ENERGIZER 25 SC ENV TBGS | F73: 24 | G73: CTN | H73: =#N/A
A74: 23149 | B74: AL FINA FRUITY CRANBERRY HERBAL 24/25 DC ENV TBGS | C74: AL FINA | D74: 32848 | E74: AL FINA FRUITY CRANBERRY HERBAL 25 DC ENV TBGS | F74: 24 | G74: CTN | H74: BLEND FRUITY CRANBERRY STRAWBERRY TBC
A75: 33649 | B75: AL FINA GIFT BOX 36 DC ENV TBGS | C75: AL FINA | D75: 33662 | E75: AL FINA LOOSE ENV CLOVE DC ENV TBGS | F75: 4 | G75: ENV | H75: BLEND BLACK TEA CLOVE TBC
A76: 33649 | B76: AL FINA GIFT BOX 36 DC ENV TBGS | C76: AL FINA | D76: 33663 | E76: AL FINA LOOSE ENV CRANBERRY APPLE DC ENV TBGS | F76: 4 | G76: ENV | H76: BLEND CRANBERRY APPLE
A77: 33649 | B77: AL FINA GIFT BOX 36 DC ENV TBGS | C77: AL FINA | D77: 33653 | E77: AL FINA LOOSE ENV BLACK TEA DC ENV TBGS | F77: 8 | G77: ENV | H77: BLEND A-132
A78: 33649 | B78: AL FINA GIFT BOX 36 DC ENV TBGS | C78: AL FINA | D78: 33656 | E78: AL FINA LOOSE ENV MINT DC ENV TBGS | F78: 4 | G78: ENV | H78: BLEND AF BLACK TEA MINT TBGS
A79: 33649 | B79: AL FINA GIFT BOX 36 DC ENV TBGS | C79: AL FINA | D79: 33657 | E79: AL FINA LOOSE ENV STRAWBERRY DC ENV TBGS | F79: 4 | G79: ENV | H79: BLEND STRAWBERRY TB
A80: 33649 | B80: AL FINA GIFT BOX 36 DC ENV TBGS | C80: AL FINA | D80: 33658 | E80: AL FINA LOOSE ENV GINGER DC ENV TBGS | F80: 4 | G80: ENV | H80: BLEND AF BLACK TEA GINGER TBGS
A81: 33649 | B81: AL FINA GIFT BOX 36 DC ENV TBGS | C81: AL FINA | D81: 33660 | E81: AL FINA LOOSE ENV COCKTAIL DC ENV TBGS | F81: 4 | G81: ENV | H81: BLEND BLACK TEA COCKTAIL TBC
A82: 33649 | B82: AL FINA GIFT BOX 36 DC ENV TBGS | C82: AL FINA | D82: 33661 | E82: AL FINA LOOSE ENV GREEN LEMON DC ENV TBGS | F82: 4 | G82: ENV | H82: BLEND GREEN CITRUS TB
A83: 33634 | B83: AL FINA GIFT BOX 4/36 DC ENV TBGS WITH SHOPPING BAG | C83: AL FINA | D83: 33649 | E83: AL FINA GIFT BOX 36 DC ENV TBGS | F83: 4 | G83: CTN | H83: =#N/A
A84: 23139 | B84: AL FINA GINGER 24/25 DC ENV TBGS | C84: AL FINA | D84: 23167 | E84: AL FINA GINGER 25 DC ENV TBGS | F84: 24 | G84: CTN | H84: BLEND AF BLACK TEA GINGER TBGS
A85: 23772 | B85: AL FINA GREEN TEA 24/25 DC ENV TBGS | C85: AL FINA | D85: 24556 | E85: AL FINA GREEN TEA 25 DC ENV TBGS | F85: 24 | G85: CTN | H85: BLEND 7434 GREEN - 90% UTZ
A86: 1118 | B86: AL FINA GREEN TEA 24/25 SC ENV TBGS WITH T-SHIRT | C86: AL FINA | D86: 1114 | E86: AL FINA GREEN TEA 25 SC ENV TBGS | F86: 24 | G86: CTN | H86: =#N/A
A87: 20483 | B87: AL FINA GREEN TEA COCONUT 24/25 SC ENV TBGS | C87: AL FINA | D87: 5178 | E87: AL FINA GREEN TEA COCONUT 25 SC ENV TBGS | F87: 24 | G87: CTN | H87: =#N/A
A88: 1120 | B88: AL FINA GREEN TEA COCONUT 24/25 SC ENV TBGS WITH T-SHIRT | C88: AL FINA | D88: 5178 | E88: AL FINA GREEN TEA COCONUT 25 SC ENV TBGS | F88: 24 | G88: CTN | H88: =#N/A
A89: 1126 | B89: AL FINA GREEN TEA CRANBERRY 24/25 SC ENV TBGS | C89: AL FINA | D89: 1127 | E89: AL FINA GREEN TEA CRANBERRY 25 SC ENV TBGS | F89: 24 | G89: CTN | H89: =#N/A
A90: 1132 | B90: AL FINA GREEN TEA CRANBERRY 24/25 SC ENV TBGS WITH T-SHIRT | C90: AL FINA | D90: 1127 | E90: AL FINA GREEN TEA CRANBERRY 25 SC ENV TBGS | F90: 24 | G90: CTN | H90: =#N/A
A91: 23774 | B91: AL FINA GREEN TEA LEMON 24/25 DC ENV TBGS | C91: AL FINA | D91: 24558 | E91: AL FINA GREEN TEA LEMON 25 DC ENV TBGS | F91: 24 | G91: CTN | H91: BLEND GREEN CITRUS TB
A92: 26082 | B92: AL FINA GREEN TEA LEMON GRASS 24/25 DC ENV TBGS | C92: AL FINA | D92: 26161 | E92: AL FINA GREEN LEMON GRASS 25 DC ENV TBGS | F92: 24 | G92: CTN | H92: BLEND GREEN TEA LEMON GRASS TBC - AF
A93: 1134 | B93: AL FINA GREEN TEA LEMON GRASS 24/25 SC ENV TBGS | C93: AL FINA | D93: 1178 | E93: AL FINA LEMON GRASS 25 SC ENV TBGS | F93: 24 | G93: CTN | H93: =#N/A
A94: 23773 | B94: AL FINA GREEN TEA MINT 24/25 DC ENV TBGS | C94: AL FINA | D94: 24557 | E94: AL FINA GREEN TEA MINT 25 DC ENV TBGS | F94: 24 | G94: CTN | H94: BLEND GREEN TEA MINT TBC - AF
A95: 1146 | B95: AL FINA GREEN TEA MINT 24/25 SC ENV TBGS WITH TSHIRT | C95: AL FINA | D95: 1141 | E95: AL FINA GREEN TEA MINT 25 SC ENV TBGS | F95: 24 | G95: CTN | H95: =#N/A
A96: 23140 | B96: AL FINA GREEN TEA MORINGA 24/25 DC ENV TBGS | C96: AL FINA | D96: 23176 | E96: AL FINA GREEN TEA MORINGA 25 DC ENV TBGS | F96: 24 | G96: CTN | H96: BLEND GREEN TEA MORINGA GINGER TB
A97: 1153 | B97: AL FINA GREEN TEA MORINGA 24/25 SC ENV TBGS WITH TSHIRT | C97: AL FINA | D97: 1149 | E97: AL FINA GREEN TEA MORINGA 25 SC ENV TBGS | F97: 24 | G97: CTN | H97: =#N/A
A98: 1161 | B98: AL FINA GREEN TEA WITH LEMON 24/25 SC ENV TBGS WITH TSHIRT | C98: AL FINA | D98: 1156 | E98: AL FINA GREEN TEA WITH LEMON 25 SC ENV TBGS | F98: 24 | G98: CTN | H98: =#N/A
A99: 1163 | B99: AL FINA HIBISCUS APPLE 24/25 SC ENV TBGS | C99: AL FINA | D99: 1164 | E99: AL FINA HIBISCUS APPLE 25 SC ENV TBGS | F99: 24 | G99: CTN | H99: =#N/A
A100: 1168 | B100: AL FINA HIBISCUS APPLE 24/25 SC ENV TBGS WITH TSHIRT | C100: AL FINA | D100: 1164 | E100: AL FINA HIBISCUS APPLE 25 SC ENV TBGS | F100: 24 | G100: CTN | H100: =#N/A
A101: 23776 | B101: AL FINA IMMUNITY 24/25 DC ENV TBGS | C101: AL FINA | D101: 24561 | E101: AL FINA IMMUNIITY 25 DC ENV TBGS | F101: 24 | G101: CTN | H101: BLEND HERBAL IMMUNITY
A102: 20500 | B102: AL FINA IMMUNITY 24/25 SC ENV TBGS | C102: AL FINA | D102: 20501 | E102: AL FINA IMMUNITY 25 SC ENV TBGS | F102: 24 | G102: CTN | H102: =#N/A
A103: 21495 | B103: AL FINA IMMUNITY 24/25 SC ENV TBGS WITH TSHIRT | C103: AL FINA | D103: 20501 | E103: AL FINA IMMUNITY 25 SC ENV TBGS | F103: 24 | G103: CTN | H103: =#N/A
A104: 23141 | B104: AL FINA LEMON 24/25 DC ENV TBGS | C104: AL FINA | D104: 23168 | E104: AL FINA LEMON 25 DC ENV TBGS | F104: 24 | G104: CTN | H104: BLEND BLACK TEA LEMON TB
A105: 1177 | B105: AL FINA LEMON GRASS 24/25 SC ENV TBGS WITH TSHIRT | C105: AL FINA | D105: 1178 | E105: AL FINA LEMON GRASS 25 SC ENV TBGS | F105: 24 | G105: CTN | H105: =#N/A
A106: 23142 | B106: AL FINA MANGO 24/25 DC ENV TBGS | C106: AL FINA | D106: 23169 | E106: AL FINA MANGO 25 DC ENV TBGS | F106: 24 | G106: CTN | H106: BLEND AF BLACK TEA WITH MANGO TBGS
A107: 1179 | B107: AL FINA MANGO 24/25 SC ENV TBGS | C107: AL FINA | D107: 1180 | E107: AL FINA MANGO 25 SC ENV TBGS | F107: 24 | G107: CTN | H107: =#N/A
...

Sheet TBGS PER CTN
A1: Item Id | B1: Item_Name | C1: Count For Capacity
A2: 34831 | B2: TE-A-ME CHAI GINGER 100 DC STAPLE FREE TBGS-XS | C2: 100
A3: 34543 | B3: 108 LIFE DETOX 30 PYRAMID ENV TBGS | C3: 30
A4: 34542 | B4: 108 LIFE HIBISCUS LEMON GINGER 30 PYRAMID ENV TBGS | C4: 30
A5: 34544 | B5: 108 LIFE KASHMIRI KAHWA 30 PYRAMID ENV TBGS | C5: 30
A6: 2739 | B6: AARAMBHA ASSAM 25 DC SF TAG TBGS | C6: 25
A7: 19191 | B7: AARAMBHA ASSAM CTC TEA 100 DC SF HS TAG TBGS | C7: 100
A8: 2752 | B8: AARAMBHA GREEN 25 DC SF HS ENV TBGS | C8: 25
A9: 2758 | B9: AARAMBHA HONEY LEMON GREEN 25 DC SF HS ENV TBGS | C9: 25
A10: 26752 | B10: AFRICA CHOICE 25 DC ENV TBGS | C10: 25
A11: 28717 | B11: AFRICA CHOICE 100 DC ENV TBGS | C11: 100
A12: 21757 | B12: AHOLD RFA 100 DCF PENV TBGS | C12: 100
A13: 21765 | B13: AHOLD RFA 100 PENV TBGS | C13: 100
... A1577: 35086 | B1577: ZUHUUR FRUITY CRANBERRY HERBAL 25 DC ENV TBGS | C1577: 25
B1578: BARISSIMO BLACK TEA 100 DC TAG TBGS | C1578: 100
B1579: GINNY 25 DC ENV TBGS | C1579: 25
B1580: BARISSIMO PEPPERMINT HERBAL TEA 20 DC SF ENV TBGS | C1580: 20
B1581: GOLD BOND WATERMELON 25 DC ENV TBGS | C1581: 25
B1582: BARISSIMO GREEN TEA POMEGRANATE 20 DC SF ENV TBGS | C1582: 20
B1583: BARISSIMO GINGER TURMERIC HERBAL TEA 20 DC SF ENV TBGS | C1583: 20
B1584: BARISSIMO CHAMOMILE HERBAL TEA 20 DC SF ENV TBGS | C1584: 20
B1585: BARISSIMO GREEN TEA 20 DC SF ENV TBGS | C1585: 20
B1586: BARISSIMO LEMON GINSENG GREEN TEA 20 DC SF ENV TBGS | C1586: 20
B1587: BARISSIMO CHAI BLACK TEA 20 DC SF ENV TBGS | C1587: 20
B1588: BARISSIMO EARL GREY BLACK TEA 20 DC SF ENV TBGS | C1588: 20
B1589: BARISSIMO DECAF BLACK TEA 20 DC SF ENV TBGS | C1589: 20
B1590: GV HIBISCUS 25 DC ENV TBGS | C1590: 25

Sheet MC CAPACITY MASTER
A1: MC CAPACITY MASTER (Day Capacity derived from Weekly_capacity_in_tbgs.xlsx, incl. real shifts/day)
A2: Machine Line | B2: Weekly Capacity (lakh TBGS, from source file) | C2: Day Capacity (Weekly x 100000 / 6)
A3: BREW MAGIC | B3: 0.2352 | C3: =B3*100000/6
A4: C250 | B4: 43.2 | C4: =B4*100000/6
A5: C250 AF | B5: 28.8 | C5: =B5*100000/6
A6: C250-A | B6: 43.2 | C6: =B6*100000/6
A7: C250F3 ENV | B7: 14.4 | C7: =B7*100000/6
A8: C250F3 HS | B8: 7.2 | C8: =B8*100000/6
A9: CONSTANTA ENV | B9: 23.49 | C9: =B9*100000/6
A10: CONSTANTA ENV BT | B10: 40.35 | C10: =B10*100000/6
A11: CONSTANTA ENV BT 25 | B11: 32.28 | C11: =B11*100000/6
A12: CONSTANTA ENV F | B12: 39.15 | C12: =B12*100000/6
A13: CONSTANTA ENV G | B13: 23.49 | C13: =B13*100000/6
A14: CONSTANTA ENV H | B14: 45 | C14: =B14*100000/6
... A41: VIKING-MULTITRACK | B41: 1.7136 | C41: =B41*100000/6

Sheet MC MASTER
H1: SHIFT
A2: MACHINE LINE | B2: PACKER | C2: OPERATOR | D2: MACHINE NO | E2: No. of Machines | F2: No. of Shifts/day | G2: Target Tbgs/Min | H2: HR | I2: MIN | J2: SHIFT MIN | K2: TBGS/ SHIFT | L2: TBGS /WEEK | M2: Achievable Capacity | N2: TBGS PER CFC | O2: CFC/Week | P2: CFC/ CNTR | Q2: WEEKLY CAPACITY IN CNTR | R2: UNIT CAPACITY (CNTR per machine x shift) - Arul Sir file
A3: C250 AF | E3: 5 | F3: 2 | P3: 3340 | R3: 0.17649701
A4: CONSTANTA ENV (FLAVOUR & BLACK TEA) | E4: 23 | F4: 2 | P4: 6375 | R4: 0.097588235
A5: CONSTANTA ENV (HERBAL) | E5: 9 | F5: 2 | P5: 3340 | R5: 0.093822355
A6: MD20 ENV | E6: 4 | F6: 2 | P6: 3340 | R6: 0.13891617
A7: PERFECTA ENV | E7: 3 | F7: 2 | P7: 3340 | R7: 0.20826048
A8: CONSTANTA TAG | E8: 6 | F8: 1 | P8: 2688 | R8: 0.11514509
A9: C250 | E9: 3 | F9: 2 | P9: 7200 | R9: 0.2046875
A10: VARIETIES PACK | E10: 1 | F10: 2 | P10: 7200 | R10: 0.2046875
A11: MD20 4GM TAG | E11: 1 | F11: 1 | P11: 4032 | R11: 0.20174541
A12: PERFECTA K 45 TAG | E12: 1 | F12: 1 | P12: 5040 | R12: 0.23794643
A13: MD20 HS | E13: 2 | F13: 1 | P13: 6500 | R13: 0.23386769
A14: CONSTANTA FAMILY SIZE | E14: 2 | F14: 0 | P14: 5720 | R14: 0
... A27: Pearl Pack-FFS POUCH | E27: 0.5 | F27: 1 | P27: 1200 | R27: 1.03125

Sheet ITEM CFC PER CONTAINER
A1: PRODUCT NAME | B1: CFC/Container
A2: AFRICA CHOICE 12/100 DC ENV TBGS | B2: 3321
A3: AFRICA CHOICE 24/25 DC ENV TBGS | B3: 6375
A4: AKOUNA INSTANT COFFEE 9/150 SACHETS (15 STRIPS X 10 SACHETS X 1.5 GMS) WITH HANGER
A5: AKOUNA COFFEE 3 IN 1 (25 GMS) 12 STRIPS X 10 SACHETS WITH HANGER
A6: AL FINA 12/100 DC ENV TBGS WITH T-SHIRT | B6: 3250
A7: AL FINA CAPPUCCINO 3 IN 1 (25 GMS) 12 STRIPS X 10 SACHETS WITH HANGER
A8: AL FINA CHAMOMILE 24/25 DC ENV TBGS | B8: 6375
A9: AL FINA CLOVE 24/25 DC ENV TBGS | B9: 6375
A10: AL FINA COCKTAIL 24/25 DC ENV TBGS | B10: 6375
A11: AL FINA COFFEE 3 IN 1 (20 GMS) 12 STRIPS X 10 SACHETS WITH HANGER
A12: AL FINA GINGER 24/25 DC ENV TBGS | B12: 6375
A13: AL FINA GREEN TEA 24/25 DC ENV TBGS | B13: 6375
A14: AL FINA LEMON 24/25 DC ENV TBGS | B14: 6375
A15: AL FINA MANGO 24/25 DC ENV TBGS | B15: 6375
A16: AL FINA MINT 24/25 DC ENV TBGS | B16: 6375
A17: AL FINA MIX 24/25 DC ENV TBGS | B17: 6375
A18: AL FINA ORANGE 24/25 DC ENV TBGS | B18: 6375
A19: AL FINA PINEAPPLE 24/25 DC ENV TBGS | B19: 6375
A20: AL FINA STRAWBERRY 24/25 DC ENV TBGS | B20: 6375
A21: AL FINA TAMARIND 24/25 DC ENV TBGS | B21: 6375
A22: ALDI VRUCHTENTHEE 24/20 DC SF ENV TBGS
A23: BARISSIMO BLACK TEA 6/100 DC TAG TBGS | B23: 4620
A24: BARISSIMO BLACK TEA COLLECTIONS 12/20 DC SF ENV TBGS | B24: 8320
A25: BARISSIMO BLACK TEA COLLECTIONS 12/20 DC SF ENV TBGS | B25: 7200
A26: BARISSIMO GREEN TEA COLLECTIONS 12/20 DC SF ENV TBGS | B26: 8320
A27: BARISSIMO GREEN TEA COLLECTIONS 12/20 DC SF ENV TBGS | B27: 7200
A28: BARISSIMO HERBAL TEA COLLECTIONS 12/20 DC SF ENV TBGS | B28: 8320
A29: BARISSIMO HERBAL TEA COLLECTIONS 12/20 DC SF ENV TBGS | B29: 7200
A30: BLUE DIAMOND GINGER 24/25 DC ENV TBGS | B30: 6375
A31: BLUE DIAMOND LEMON 24/25 DC ENV TBGS | B31: 6375
A32: BLUE DIAMOND MINT 24/25 DC ENV TBGS | B32: 6375
A33: BLUE DIAMOND ORANGE 24/25 DC ENV TBGS | B33: 6375
A34: BLUE DIAMOND STRAWBERRY 24/25 DC ENV TBGS | B34: 6375
A35: BLUE DIAMOND TAMARIND 24/25 DC ENV TBGS | B35: 6375
A36: BREW360 32-3 OZ BLK RND ITBS COPACK
A37: CENTRA GOLD BLEND TEA 12/80 TAGLESS TBGS | B37: 3220
A38: CHAYA 12/100 DC ENV TBGS | B38: 3321
A39: CHAYA 12/100 DC ENV TBGS WITH TSHIRT | B39: 3250
A40: CHAYA 24/25 DC ENV TBGS WITH T-SHIRT | B40: 6120
A41: CHAYA COCKTAIL 24/25 DC ENV TBGS | B41: 6375
A42: CHAYA GINGER 24/25 DC ENV TBGS | B42: 6375
A43: CHAYA GINGER 24/25 DC ENV TBGS WITH TSHIRT | B43: 6120
A44: CHAYA LEMON 24/25 DC ENV TBGS | B44: 6375
A45: CHAYA LEMON 24/25 DC ENV TBGS WITH T-SHIRT | B45: 6120
A46: CHAYA MINT 24/25 DC ENV TBGS | B46: 6375
A47: CHAYA MINT 24/25 DC ENV TBGS WITH T-SHIRT | B47: 6120
A48: CHAYA ORANGE 24/25 DC ENV TBGS | B48: 6375
... A52: DIPLOMAT ENGLISH BREAKFAST 12/100 DC TAG TBGS | B52: 2800
A53: ELDORADO 12/100 DC TAG TBGS
A54: FIRST PRICE EARL GREY 12/50 DC ENV TBGS FAIRTRADE | B54: 5280
A55: GARANT BLACK CURRANT 15/20 DC ENV TBGS-FT | B55: 6000
A56: GARANT CHAI MASALA 12/150 GMS POUCH-100% RFA | B56: 4500
A57: GARANT EARL GREY 12/150 GMS POUCH-100% RFA | B57: 4500
A58: GARANT EARL GREY 15/20 DC ENV TBGS-FT | B58: 4500
A59: GARANT EKO ENGLISH BREAKFAST 10/50 SF DC TBGS
A60: GARANT EKO ENGLISH BREAKFAST 15/20 DC SF ENV TBGS
A61: GARANT EKO GRONT TE 15/20 DC SF ENV TBGS
A62: GARANT ENGLISH BREAKFAST 6/100 DC TAG TBGS-FT
A63: GARANT GAMLA SODER 12/150 GMS POUCH-100% RFA | B63: 4500
A64: GARANT GREEN CITRUS 12/150 GMS POUCH-100% RFA | B64: 4500
A65: GARANT GREEN TEA GINGER LEMON 15/20 DC SF ENV TBGS-FT | B65: 4500
A66: GARANT KAMOMILL TE 15/20 DC ENV TBGS (V2) | B66: 6000
A67: GARANT PEPPARMYNT TE 15/20 DC ENV TBGS (v2) | B67: 6000
A68: GARANT RHUBARBER 12/150 GMS POUCH-100% RFA | B68: 4500
A69: GARANT ROOIBOS RABARBER & VANILJ 15/20 DC ENV TBGS- FT | B69: 6000
A70: GARANT ROOIBOS TEA BLAKLINT 15/20 DC ENV TBGS-FT | B70: 6000
A71: GINNY GINGER 24/25 DC ENV TBGS | B71: 6375
A72: GINNY MINT 24/25 DC ENV TBGS | B72: 6375
A73: GINNY STRAWBERRY 24/25 DC ENV TBGS | B73: 6375
A74: GOLD BOND 12/100 DC ENV TBGS | B74: 3321
... A90: GREAT VALUE 4/20 VARIETY HERBAL TEA COLLECTIONS DC SF HS ENV TBGS | B90: 14784
A91: GV BERRY DELIGHT 12/25 DC SF HS ENV TBGS (AF)
A92: GV CHAMOMILE 24/25 DC ENV TBGS | B92: 6375
A93: GV CINNAMON 24/25 DC ENV TBGS | B93: 6375
A94: GV CINNAMON 24/25 DC SF ENV TBGS (VINDEMIA) | B94: 6375
A95: GV CINNAMON 48/25 DC ENV TBGS | B95: 3100
A96: GV CLASSIC EARL GREY 18/25 DC TAG TBGS | B96: 3100
A97: GV CLOVE 24/25 DC ENV TBGS | B97: 6375
A98: GV CLOVE 24/25 DC ENV TBGS WITH TSHIRT | B98: 6120
A99: GV CLOVE 24/25 DC SF ENV TBGS (VINDEMIA) | B99: 6375
A100: GV CLOVE 48/25 DC ENV TBGS | B100: 3100
A101: GV COCKTAIL 24/25 DC ENV TBGS (AR) | B101: 6375
A102: GV COCKTAIL 24/25 DC SF ENV TBGS (VINDEMIA) | B102: 6375
A103: GV COCKTAIL 48/25 DC ENV TBGS | B103: 3100
... A120: GV LEMON GRASS 24/25 DC ENV TBGS | B120: 6375
A121: GV LEMON JAZZ 12/25 DC SF HS ENV TBGS (AF)
A122: GV MINT 24/25 DC ENV TBGS | B122: 6375
A123: GV MINT 24/25 DC ENV TBGS WITH TSHIRT | B123: 6120
A124: GV MINT 24/25 DC SF ENV TBGS (VINDEMIA) | B124: 6375
A125: GV MINT 48/25 DC ENV TBGS | B125: 3100
A126: GV ORANGE 24/25 DC ENV TBGS (AR) | B126: 6375
A127: GV ORANGE 24/25 DC ENV TBGS WITH TSHIRT | B127: 6120
A128: GV ORANGE 24/25 DC SF ENV TBGS (VINDEMIA) | B128: 6375
A129: GV PASSION FRUIT 12/25 DC SF HS ENV TBGS (AF)
A130: GV PINEAPPLE 24/25 DC ENV TBGS | B130: 6375
A131: GV PINEAPPLE 24/25 DC SF ENV TBGS (VINDEMIA) | B131: 6375
A132: GV PINEAPPLE 48/25 DC ENV TBGS | B132: 3100
A133: GV RASPBERRY BLISS 12/25 DC SF HS ENV TBGS (AF)
A134: GV ROYAL LEMON 24/25 DC ENV TBGS | B134: 6375
...

Sheet ORDER VS WEEK DISTRIBUTION
A1: Order Vs Week Distribution | H1: Based on Pending Production | U1: Based on Order Qty | AH1: Routing Line | AI1: Capacity Group
A2: Zone | B2: Region | D2: Machine Line | E2: No. of Machines | F2: No. of Shifts | G2: Capacity(In containers) | H2: W #41 | I2: W #42 | J2: W #43 | K2: W #44 | L2: W #45 | M2: W #46 | N2: W #47 | O2: W #48 | P2: W #49 | Q2: W #50 | R2: W #51 | S2: W #52 | U2: =H2 | V2: =I2 | W2: =J2 | X2: =K2 | Y2: =L2 | Z2: =M2 | AA2: =N2 | AB2: =O2 | ... AF2: =S2 | AH2: CONSTANTA ENV | AI2: CONSTANTA ENV (FLAVOUR & BLACK TEA)
A3: Zone 1 | B3: AFRICA | C3: DC | D3: C250 AF | E3: 5 | F3: 2 | G3: =IFERROR(IF(OR($F3=0,VLOOKUP($D3,'MC MASTER'!$A:$R,18,0)=0),"-",ROUND(VLOOKUP($D3,'MC MASTER'!$A:$R,18,0)*$E3*$F3,3)),"-") | H3: =IFERROR(SUMIFS(WORKING!$Y:$Y,WORKING!$X:$X,$D3,WORKING!$W:$W,H$500),"") | I3: =IFERROR(SUMIFS(WORKING!$Y:$Y,WORKING!$X:$X,$D3,WORKING!$W:$W,I$500),"") | J3: =IFERROR(SUMIFS(WORKING!$Y:$Y,WORKING!$X:$X,$D3,WORKING!$W:$W,J$500),"") | K3: =IFERROR(SUMIFS(WORKING!$Y:$Y,WORKING!$X:$X,$D3,WORKING!$W:$W,K$500),"") | L3: =IFERROR(SUMIFS(WORKING!$Y:$Y,WORKING!$X:$X,$D3,WORKING!$W:$W,L$500),"") | M3: =IFERROR(SUMIFS(WORKING!$Y:$Y,WORKING!$X:$X,$D3,WORKING!$W:$W,M$500),"") | N3: =IFERROR(SUMIFS(WORKING!$Y:$Y,WORKING!$X:$X,$D3,WORKING!$W:$W,N$500),"") | O3: =IFERROR(SUMIFS(WORKING!$Y:$Y,WORKING!$X:$X,$D3,WORKING!$W:$W,O$500),"") | ... S3: =IFERROR(SUMIFS(WORKING!$Y:$Y,WORKING!$X:$X,$D3,WORKING!$W:$W,S$500),"") | U3: =IFERROR(SUMIFS(WORKING!$Z:$Z,WORKING!$X:$X,$D3,WORKING!$W:$W,H$500),"") | V3: =IFERROR(SUMIFS(WORKING!$Z:$Z,WORKING!$X:$X,$D3,WORKING!$W:$W,I$500),"") | W3: =IFERROR(SUMIFS(WORKING!$Z:$Z,WORKING!$X:$X,$D3,WORKING!$W:$W,J$500),"") | X3: =IFERROR(SUMIFS(WORKING!$Z:$Z,WORKING!$X:$X,$D3,WORKING!$W:$W,K$500),"") | Y3: =IFERROR(SUMIFS(WORKING!$Z:$Z,WORKING!$X:$X,$D3,WORKING!$W:$W,L$500),"") | Z3: =IFERROR(SUMIFS(WORKING!$Z:$Z,WORKING!$X:$X,$D3,WORKING!$W:$W,M$500),"") | AA3: =IFERROR(SUMIFS(WORKING!$Z:$Z,WORKING!$X:$X,$D3,WORKING!$W:$W,N$500),"") | AB3: =IFERROR(SUMIFS(WORKING!$Z:$Z,WORKING!$X:$X,$D3,WORKING!$W:$W,O$500),"") | ... AF3: =IFERROR(SUMIFS(WORKING!$Z:$Z,WORKING!$X:$X,$D3,WORKING!$W:$W,S$500),"") | AH3: CONSTANTA ENV BT | AI3: CONSTANTA ENV (FLAVOUR & BLACK TEA)
D4: CONSTANTA ENV (FLAVOUR & BLACK TEA) | E4: 23 | F4: 2 | G4: =IFERROR(IF(OR($F4=0,VLOOKUP($D4,'MC MASTER'!$A:$R,18,0)=0),"-",ROUND(VLOOKUP($D4,'MC MASTER'!$A:$R,18,0)*$E4*$F4,3)),"-") | H4: =IFERROR(SUMIFS(WORKING!$Y:$Y,WORKING!$X:$X,$D4,WORKING!$W:$W,H$500),"") | I4: =IFERROR(SUMIFS(WORKING!$Y:$Y,WORKING!$X:$X,$D4,WORKING!$W:$W,I$500),"") | J4: =IFERROR(SUMIFS(WORKING!$Y:$Y,WORKING!$X:$X,$D4,WORKING!$W:$W,J$500),"") | K4: =IFERROR(SUMIFS(WORKING!$Y:$Y,WORKING!$X:$X,$D4,WORKING!$W:$W,K$500),"") | L4: =IFERROR(SUMIFS(WORKING!$Y:$Y,WORKING!$X:$X,$D4,WORKING!$W:$W,L$500),"") | M4: =IFERROR(SUMIFS(WORKING!$Y:$Y,WORKING!$X:$X,$D4,WORKING!$W:$W,M$500),"") | N4: =IFERROR(SUMIFS(WORKING!$Y:$Y,WORKING!$X:$X,$D4,WORKING!$W:$W,N$500),"") | O4: =IFERROR(SUMIFS(WORKING!$Y:$Y,WORKING!$X:$X,$D4,WORKING!$W:$W,O$500),"") | ... S4: =IFERROR(SUMIFS(WORKING!$Y:$Y,WORKING!$X:$X,$D4,WORKING!$W:$W,S$500),"") | U4: =IFERROR(SUMIFS(WORKING!$Z:$Z,WORKING!$X:$X,$D4,WORKING!$W:$W,H$500),"") | V4: =IFERROR(SUMIFS(WORKING!$Z:$Z,WORKING!$X:$X,$D4,WORKING!$W:$W,I$500),"") | W4: =IFERROR(SUMIFS(WORKING!$Z:$Z,WORKING!$X:$X,$D4,WORKING!$W:$W,J$500),"") | X4: =IFERROR(SUMIFS(WORKING!$Z:$Z,WORKING!$X:$X,$D4,WORKING!$W:$W,K$500),"") | Y4: =IFERROR(SUMIFS(WORKING!$Z:$Z,WORKING!$X:$X,$D4,WORKING!$W:$W,L$500),"") | Z4: =IFERROR(SUMIFS(WORKING!$Z:$Z,WORKING!$X:$X,$D4,WORKING!$W:$W,M$500),"") | AA4: =IFERROR(SUMIFS(WORKING!$Z:$Z,WORKING!$X:$X,$D4,WORKING!$W:$W,N$500),"") | AB4: =IFERROR(SUMIFS(WORKING!$Z:$Z,WORKING!$X:$X,$D4,WORKING!$W:$W,O$500),"") | ... AF4: =IFERROR(SUMIFS(WORKING!$Z:$Z,WORKING!$X:$X,$D4,WORKING!$W:$W,S$500),"") | AH4: CONSTANTA ENV BT 25 | AI4: CONSTANTA ENV (FLAVOUR & BLACK TEA)
D5: CONSTANTA ENV (HERBAL) | E5: 9 | F5: 2 | G5: =IFERROR(IF(OR($F5=0,VLOOKUP($D5,'MC MASTER'!$A:$R,18,0)=0),"-",ROUND(VLOOKUP($D5,'MC MASTER'!$A:$R,18,0)*$E5*$F5,3)),"-") | H5: =IFERROR(SUMIFS(WORKING!$Y:$Y,WORKING!$X:$X,$D5,WORKING!$W:$W,H$500),"") | I5: =IFERROR(SUMIFS(WORKING!$Y:$Y,WORKING!$X:$X,$D5,WORKING!$W:$W,I$500),"") | J5: =IFERROR(SUMIFS(WORKING!$Y:$Y,WORKING!$X:$X,$D5,WORKING!$W:$W,J$500),"") | K5: =IFERROR(SUMIFS(WORKING!$Y:$Y,WORKING!$X:$X,$D5,WORKING!$W:$W,K$500),"") | L5: =IFERROR(SUMIFS(WORKING!$Y:$Y,WORKING!$X:$X,$D5,WORKING!$W:$W,L$500),"") | M5: =IFERROR(SUMIFS(WORKING!$Y:$Y,WORKING!$X:$X,$D5,WORKING!$W:$W,M$500),"") | N5: =IFERROR(SUMIFS(WORKING!$Y:$Y,WORKING!$X:$X,$D5,WORKING!$W:$W,N$500),"") | O5: =IFERROR(SUMIFS(WORKING!$Y:$Y,WORKING!$X:$X,$D5,WORKING!$W:$W,O$500),"") | ... S5: =IFERROR(SUMIFS(WORKING!$Y:$Y,WORKING!$X:$X,$D5,WORKING!$W:$W,S$500),"") | U5: =IFERROR(SUMIFS(WORKING!$Z:$Z,WORKING!$X:$X,$D5,WORKING!$W:$W,H$500),"") | V5: =IFERROR(SUMIFS(WORKING!$Z:$Z,WORKING!$X:$X,$D5,WORKING!$W:$W,I$500),"") | W5: =IFERROR(SUMIFS(WORKING!$Z:$Z,WORKING!$X:$X,$D5,WORKING!$W:$W,J$500),"") | X5: =IFERROR(SUMIFS(WORKING!$Z:$Z,WORKING!$X:$X,$D5,WORKING!$W:$W,K$500),"") | Y5: =IFERROR(SUMIFS(WORKING!$Z:$Z,WORKING!$X:$X,$D5,WORKING!$W:$W,L$500),"") | Z5: =IFERROR(SUMIFS(WORKING!$Z:$Z,WORKING!$X:$X,$D5,WORKING!$W:$W,M$500),"") | AA5: =IFERROR(SUMIFS(WORKING!$Z:$Z,WORKING!$X:$X,$D5,WORKING!$W:$W,N$500),"") | AB5: =IFERROR(SUMIFS(WORKING!$Z:$Z,WORKING!$X:$X,$D5,WORKING!$W:$W,O$500),"") | ... AF5: =IFERROR(SUMIFS(WORKING!$Z:$Z,WORKING!$X:$X,$D5,WORKING!$W:$W,S$500),"") | AH5: CONSTANTA ENV F | AI5: CONSTANTA ENV (FLAVOUR & BLACK TEA)
D6: MD20 ENV | E6: 4 | F6: 2 | G6: =IFERROR(IF(OR($F6=0,VLOOKUP($D6,'MC MASTER'!$A:$R,18,0)=0),"-",ROUND(VLOOKUP($D6,'MC MASTER'!$A:$R,18,0)*$E6*$F6,3)),"-") | H6: =IFERROR(SUMIFS(WORKING!$Y:$Y,WORKING!$X:$X,$D6,WORKING!$W:$W,H$500),"") | I6: =IFERROR(SUMIFS(WORKING!$Y:$Y,WORKING!$X:$X,$D6,WORKING!$W:$W,I$500),"") | J6: =IFERROR(SUMIFS(WORKING!$Y:$Y,WORKING!$X:$X,$D6,WORKING!$W:$W,J$500),"") | K6: =IFERROR(SUMIFS(WORKING!$Y:$Y,WORKING!$X:$X,$D6,WORKING!$W:$W,K$500),"") | L6: =IFERROR(SUMIFS(WORKING!$Y:$Y,WORKING!$X:$X,$D6,WORKING!$W:$W,L$500),"") | M6: =IFERROR(SUMIFS(WORKING!$Y:$Y,WORKING!$X:$X,$D6,WORKING!$W:$W,M$500),"") | N6: =IFERROR(SUMIFS(WORKING!$Y:$Y,WORKING!$X:$X,$D6,WORKING!$W:$W,N$500),"") | O6: =IFERROR(SUMIFS(WORKING!$Y:$Y,WORKING!$X:$X,$D6,WORKING!$W:$W,O$500),"") | ... S6: =IFERROR(SUMIFS(WORKING!$Y:$Y,WORKING!$X:$X,$D6,WORKING!$W:$W,S$500),"") | U6: =IFERROR(SUMIFS(WORKING!$Z:$Z,WORKING!$X:$X,$D6,WORKING!$W:$W,H$500),"") | V6: =IFERROR(SUMIFS(WORKING!$Z:$Z,WORKING!$X:$X,$D6,WORKING!$W:$W,I$500),"") | W6: =IFERROR(SUMIFS(WORKING!$Z:$Z,WORKING!$X:$X,$D6,WORKING!$W:$W,J$500),"") | X6: =IFERROR(SUMIFS(WORKING!$Z:$Z,WORKING!$X:$X,$D6,WORKING!$W:$W,K$500),"") | Y6: =IFERROR(SUMIFS(WORKING!$Z:$Z,WORKING!$X:$X,$D6,WORKING!$W:$W,L$500),"") | Z6: =IFERROR(SUMIFS(WORKING!$Z:$Z,WORKING!$X:$X,$D6,WORKING!$W:$W,M$500),"") | AA6: =IFERROR(SUMIFS(WORKING!$Z:$Z,WORKING!$X:$X,$D6,WORKING!$W:$W,N$500),"") | AB6: =IFERROR(SUMIFS(WORKING!$Z:$Z,WORKING!$X:$X,$D6,WORKING!$W:$W,O$500),"") | ... AF6: =IFERROR(SUMIFS(WORKING!$Z:$Z,WORKING!$X:$X,$D6,WORKING!$W:$W,S$500),"") | AH6: CONSTANTA ENV G | AI6: CONSTANTA ENV (FLAVOUR & BLACK TEA)
D7: PERFECTA ENV | E7: 3 | F7: 2 | G7: =IFERROR(IF(OR($F7=0,VLOOKUP($D7,'MC MASTER'!$A:$R,18,0)=0),"-",ROUND(VLOOKUP($D7,'MC MASTER'!$A:$R,18,0)*$E7*$F7,3)),"-") | H7: =IFERROR(SUMIFS(WORKING!$Y:$Y,WORKING!$X:$X,$D7,WORKING!$W:$W,H$500),"") | I7: =IFERROR(SUMIFS(WORKING!$Y:$Y,WORKING!$X:$X,$D7,WORKING!$W:$W,I$500),"") | J7: =IFERROR(SUMIFS(WORKING!$Y:$Y,WORKING!$X:$X,$D7,WORKING!$W:$W,J$500),"") | K7: =IFERROR(SUMIFS(WORKING!$Y:$Y,WORKING!$X:$X,$D7,WORKING!$W:$W,K$500),"") | L7: =IFERROR(SUMIFS(WORKING!$Y:$Y,WORKING!$X:$X,$D7,WORKING!$W:$W,L$500),"") | M7: =IFERROR(SUMIFS(WORKING!$Y:$Y,WORKING!$X:$X,$D7,WORKING!$W:$W,M$500),"") | N7: =IFERROR(SUMIFS(WORKING!$Y:$Y,WORKING!$X:$X,$D7,WORKING!$W:$W,N$500),"") | O7: =IFERROR(SUMIFS(WORKING!$Y:$Y,WORKING!$X:$X,$D7,WORKING!$W:$W,O$500),"") | ... S7: =IFERROR(SUMIFS(WORKING!$Y:$Y,WORKING!$X:$X,$D7,WORKING!$W:$W,S$500),"") | U7: =IFERROR(SUMIFS(WORKING!$Z:$Z,WORKING!$X:$X,$D7,WORKING!$W:$W,H$500),"") | V7: =IFERROR(SUMIFS(WORKING!$Z:$Z,WORKING!$X:$X,$D7,WORKING!$W:$W,I$500),"") | W7: =IFERROR(SUMIFS(WORKING!$Z:$Z,WORKING!$X:$X,$D7,WORKING!$W:$W,J$500),"") | X7: =IFERROR(SUMIFS(WORKING!$Z:$Z,WORKING!$X:$X,$D7,WORKING!$W:$W,K$500),"") | Y7: =IFERROR(SUMIFS(WORKING!$Z:$Z,WORKING!$X:$X,$D7,WORKING!$W:$W,L$500),"") | Z7: =IFERROR(SUMIFS(WORKING!$Z:$Z,WORKING!$X:$X,$D7,WORKING!$W:$W,M$500),"") | AA7: =IFERROR(SUMIFS(WORKING!$Z:$Z,WORKING!$X:$X,$D7,WORKING!$W:$W,N$500),"") | AB7: =IFERROR(SUMIFS(WORKING!$Z:$Z,WORKING!$X:$X,$D7,WORKING!$W:$W,O$500),"") | ... AF7: =IFERROR(SUMIFS(WORKING!$Z:$Z,WORKING!$X:$X,$D7,WORKING!$W:$W,S$500),"") | AH7: CONSTANTA ENV H | AI7: CONSTANTA ENV (FLAVOUR & BLACK TEA)
D8: TOTAL | G8: =SUM(G3:G7) | H8: =SUM(H3:H7) | I8: =SUM(I3:I7) | J8: =SUM(J3:J7) | K8: =SUM(K3:K7) | L8: =SUM(L3:L7) | M8: =SUM(M3:M7) | N8: =SUM(N3:N7) | ... S8: =SUM(S3:S7) | U8: =SUM(U3:U7) | V8: =SUM(V3:V7) | W8: =SUM(W3:W7) | X8: =SUM(X3:X7) | Y8: =SUM(Y3:Y7) | Z8: =SUM(Z3:Z7) | AA8: =SUM(AA3:AA7) | AB8: =SUM(AB3:AB7) | ... AF8: =SUM(AF3:AF7) | AH8: CONSTANTA ENV HF | AI8: CONSTANTA ENV (FLAVOUR & BLACK TEA)
D9: Excess Order | H9: =IFERROR(IF(ROUND(H8-$G8,3)>0,ROUND(H8-$G8,3),""),"") | I9: =IFERROR(IF(ROUND(I8-$G8,3)>0,ROUND(I8-$G8,3),""),"") | J9: =IFERROR(IF(ROUND(J8-$G8,3)>0,ROUND(J8-$G8,3),""),"") | K9: =IFERROR(IF(ROUND(K8-$G8,3)>0,ROUND(K8-$G8,3),""),"") | L9: =IFERROR(IF(ROUND(L8-$G8,3)>0,ROUND(L8-$G8,3),""),"") | M9: =IFERROR(IF(ROUND(M8-$G8,3)>0,ROUND(M8-$G8,3),""),"") | N9: =IFERROR(IF(ROUND(N8-$G8,3)>0,ROUND(N8-$G8,3),""),"") | O9: =IFERROR(IF(ROUND(O8-$G8,3)>0,ROUND(O8-$G8,3),""),"") | ... S9: =IFERROR(IF(ROUND(S8-$G8,3)>0,ROUND(S8-$G8,3),""),"") | U9: =IFERROR(IF(ROUND(U8-$G8,3)>0,ROUND(U8-$G8,3),""),"") | V9: =IFERROR(IF(ROUND(V8-$G8,3)>0,ROUND(V8-$G8,3),""),"") | W9: =IFERROR(IF(ROUND(W8-$G8,3)>0,ROUND(W8-$G8,3),""),"") | X9: =IFERROR(IF(ROUND(X8-$G8,3)>0,ROUND(X8-$G8,3),""),"") | Y9: =IFERROR(IF(ROUND(Y8-$G8,3)>0,ROUND(Y8-$G8,3),""),"") | Z9: =IFERROR(IF(ROUND(Z8-$G8,3)>0,ROUND(Z8-$G8,3),""),"") | AA9: =IFERROR(IF(ROUND(AA8-$G8,3)>0,ROUND(AA8-$G8,3),""),"") | AB9: =IFERROR(IF(ROUND(AB8-$G8,3)>0,ROUND(AB8-$G8,3),""),"") | ... AF9: =IFERROR(IF(ROUND(AF8-$G8,3)>0,ROUND(AF8-$G8,3),""),"") | AH9: CONSTANTA ENV M | AI9: CONSTANTA ENV (FLAVOUR & BLACK TEA)
D10: Short Order | H10: =IFERROR(IF(ROUND($G8-H8,3)>0,ROUND($G8-H8,3),""),"") | I10: =IFERROR(IF(ROUND($G8-I8,3)>0,ROUND($G8-I8,3),""),"") | J10: =IFERROR(IF(ROUND($G8-J8,3)>0,ROUND($G8-J8,3),""),"") | K10: =IFERROR(IF(ROUND($G8-K8,3)>0,ROUND($G8-K8,3),""),"") | L10: =IFERROR(IF(ROUND($G8-L8,3)>0,ROUND($G8-L8,3),""),"") | M10: =IFERROR(IF(ROUND($G8-M8,3)>0,ROUND($G8-M8,3),""),"") | N10: =IFERROR(IF(ROUND($G8-N8,3)>0,ROUND($G8-N8,3),""),"") | O10: =IFERROR(IF(ROUND($G8-O8,3)>0,ROUND($G8-O8,3),""),"") | ... S10: =IFERROR(IF(ROUND($G8-S8,3)>0,ROUND($G8-S8,3),""),"") | U10: =IFERROR(IF(ROUND($G8-U8,3)>0,ROUND($G8-U8,3),""),"") | V10: =IFERROR(IF(ROUND($G8-V8,3)>0,ROUND($G8-V8,3),""),"") | W10: =IFERROR(IF(ROUND($G8-W8,3)>0,ROUND($G8-W8,3),""),"") | X10: =IFERROR(IF(ROUND($G8-X8,3)>0,ROUND($G8-X8,3),""),"") | Y10: =IFERROR(IF(ROUND($G8-Y8,3)>0,ROUND($G8-Y8,3),""),"") | Z10: =IFERROR(IF(ROUND($G8-Z8,3)>0,ROUND($G8-Z8,3),""),"") | AA10: =IFERROR(IF(ROUND($G8-AA8,3)>0,ROUND($G8-AA8,3),""),"") | AB10: =IFERROR(IF(ROUND($G8-AB8,3)>0,ROUND($G8-AB8,3),""),"") | ... AF10: =IFERROR(IF(ROUND($G8-AF8,3)>0,ROUND($G8-AF8,3),""),"") | AH10: C250 | AI10: C250
B11: AUSTRALIA | C11: DC TAG | D11: CONSTANTA TAG | E11: 6 | F11: 1 | G11: =IFERROR(IF(OR($F11=0,VLOOKUP($D11,'MC MASTER'!$A:$R,18,0)=0),"-",ROUND(VLOOKUP($D11,'MC MASTER'!$A:$R,18,0)*$E11*$F11,3)),"-") | H11: =IFERROR(SUMIFS(WORKING!$Y:$Y,WORKING!$X:$X,$D11,WORKING!$W:$W,H$500),"") | I11: =IFERROR(SUMIFS(WORKING!$Y:$Y,WORKING!$X:$X,$D11,WORKING!$W:$W,I$500),"") | J11: =IFERROR(SUMIFS(WORKING!$Y:$Y,WORKING!$X:$X,$D11,WORKING!$W:$W,J$500),"") | K11: =IFERROR(SUMIFS(WORKING!$Y:$Y,WORKING!$X:$X,$D11,WORKING!$W:$W,K$500),"") | L11: =IFERROR(SUMIFS(WORKING!$Y:$Y,WORKING!$X:$X,$D11,WORKING!$W:$W,L$500),"") | M11: =IFERROR(SUMIFS(WORKING!$Y:$Y,WORKING!$X:$X,$D11,WORKING!$W:$W,M$500),"") | N11: =IFERROR(SUMIFS(WORKING!$Y:$Y,WORKING!$X:$X,$D11,WORKING!$W:$W,N$500),"") | O11: =IFERROR(SUMIFS(WORKING!$Y:$Y,WORKING!$X:$X,$D11,WORKING!$W:$W,O$500),"") | ... S11: =IFERROR(SUMIFS(WORKING!$Y:$Y,WORKING!$X:$X,$D11,WORKING!$W:$W,S$500),"") | U11: =IFERROR(SUMIFS(WORKING!$Z:$Z,WORKING!$X:$X,$D11,WORKING!$W:$W,H$500),"") | V11: =IFERROR(SUMIFS(WORKING!$Z:$Z,WORKING!$X:$X,$D11,WORKING!$W:$W,I$500),"") | W11: =IFERROR(SUMIFS(WORKING!$Z:$Z,WORKING!$X:$X,$D11,WORKING!$W:$W,J$500),"") | X11: =IFERROR(SUMIFS(WORKING!$Z:$Z,WORKING!$X:$X,$D11,WORKING!$W:$W,K$500),"") | Y11: =IFERROR(SUMIFS(WORKING!$Z:$Z,WORKING!$X:$X,$D11,WORKING!$W:$W,L$500),"") | Z11: =IFERROR(SUMIFS(WORKING!$Z:$Z,WORKING!$X:$X,$D11,WORKING!$W:$W,M$500),"") | AA11: =IFERROR(SUMIFS(WORKING!$Z:$Z,WORKING!$X:$X,$D11,WORKING!$W:$W,N$500),"") | AB11: =IFERROR(SUMIFS(WORKING!$Z:$Z,WORKING!$X:$X,$D11,WORKING!$W:$W,O$500),"") | ... AF11: =IFERROR(SUMIFS(WORKING!$Z:$Z,WORKING!$X:$X,$D11,WORKING!$W:$W,S$500),"") | AH11: C250 AF | AI11: C250 AF
D12: TOTAL | G12: =SUM(G11:G11) | H12: =SUM(H11:H11) | I12: =SUM(I11:I11) | J12: =SUM(J11:J11) | K12: =SUM(K11:K11) | L12: =SUM(L11:L11) | M12: =SUM(M11:M11) | N12: =SUM(N11:N11) | ... S12: =SUM(S11:S11) | U12: =SUM(U11:U11) | V12: =SUM(V11:V11) | W12: =SUM(W11:W11) | X12: =SUM(X11:X11) | Y12: =SUM(Y11:Y11) | Z12: =SUM(Z11:Z11) | AA12: =SUM(AA11:AA11) | AB12: =SUM(AB11:AB11) | ... AF12: =SUM(AF11:AF11) | AH12: C250-A | AI12: C250-A
D13: Excess Order | H13: =IFERROR(IF(ROUND(H12-$G12,3)>0,ROUND(H12-$G12,3),""),"") | I13: =IFERROR(IF(ROUND(I12-$G12,3)>0,ROUND(I12-$G12,3),""),"") | J13: =IFERROR(IF(ROUND(J12-$G12,3)>0,ROUND(J12-$G12,3),""),"") | K13: =IFERROR(IF(ROUND(K12-$G12,3)>0,ROUND(K12-$G12,3),""),"") | L13: =IFERROR(IF(ROUND(L12-$G12,3)>0,ROUND(L12-$G12,3),""),"") | M13: =IFERROR(IF(ROUND(M12-$G12,3)>0,ROUND(M12-$G12,3),""),"") | N13: =IFERROR(IF(ROUND(N12-$G12,3)>0,ROUND(N12-$G12,3),""),"") | O13: =IFERROR(IF(ROUND(O12-$G12,3)>0,ROUND(O12-$G12,3),""),"") | ... S13: =IFERROR(IF(ROUND(S12-$G12,3)>0,ROUND(S12-$G12,3),""),"") | U13: =IFERROR(IF(ROUND(U12-$G12,3)>0,ROUND(U12-$G12,3),""),"") | V13: =IFERROR(IF(ROUND(V12-$G12,3)>0,ROUND(V12-$G12,3),""),"") | W13: =IFERROR(IF(ROUND(W12-$G12,3)>0,ROUND(W12-$G12,3),""),"") | X13: =IFERROR(IF(ROUND(X12-$G12,3)>0,ROUND(X12-$G12,3),""),"") | Y13: =IFERROR(IF(ROUND(Y12-$G12,3)>0,ROUND(Y12-$G12,3),""),"") | Z13: =IFERROR(IF(ROUND(Z12-$G12,3)>0,ROUND(Z12-$G12,3),""),"") | AA13: =IFERROR(IF(ROUND(AA12-$G12,3)>0,ROUND(AA12-$G12,3),""),"") | AB13: =IFERROR(IF(ROUND(AB12-$G12,3)>0,ROUND(AB12-$G12,3),""),"") | ... AF13: =IFERROR(IF(ROUND(AF12-$G12,3)>0,ROUND(AF12-$G12,3),""),"") | AH13: C250F3 ENV | AI13: C250F3 ENV
D14: Short Order | H14: =IFERROR(IF(ROUND($G12-H12,3)>0,ROUND($G12-H12,3),""),"") | I14: =IFERROR(IF(ROUND($G12-I12,3)>0,ROUND($G12-I12,3),""),"") | J14: =IFERROR(IF(ROUND($G12-J12,3)>0,ROUND($G12-J12,3),""),"") | K14: =IFERROR(IF(ROUND($G12-K12,3)>0,ROUND($G12-K12,3),""),"") | L14: =IFERROR(IF(ROUND($G12-L12,3)>0,ROUND($G12-L12,3),""),"") | M14: =IFERROR(IF(ROUND($G12-M12,3)>0,ROUND($G12-M12,3),""),"") | N14: =IFERROR(IF(ROUND($G12-N12,3)>0,ROUND($G12-N12,3),""),"") | O14: =IFERROR(IF(ROUND($G12-O12,3)>0,ROUND($G12-O12,3),""),"") | ... S14: =IFERROR(IF(ROUND($G12-S12,3)>0,ROUND($G12-S12,3),""),"") | U14: =IFERROR(IF(ROUND($G12-U12,3)>0,ROUND($G12-U12,3),""),"") | V14: =IFERROR(IF(ROUND($G12-V12,3)>0,ROUND($G12-V12,3),""),"") | W14: =IFERROR(IF(ROUND($G12-W12,3)>0,ROUND($G12-W12,3),""),"") | X14: =IFERROR(IF(ROUND($G12-X12,3)>0,ROUND($G12-X12,3),""),"") | Y14: =IFERROR(IF(ROUND($G12-Y12,3)>0,ROUND($G12-Y12,3),""),"") | Z14: =IFERROR(IF(ROUND($G12-Z12,3)>0,ROUND($G12-Z12,3),""),"") | AA14: =IFERROR(IF(ROUND($G12-AA12,3)>0,ROUND($G12-AA12,3),""),"") | AB14: =IFERROR(IF(ROUND($G12-AB12,3)>0,ROUND($G12-AB12,3),""),"") | ... AF14: =IFERROR(IF(ROUND($G12-AF12,3)>0,ROUND($G12-AF12,3),""),"") | AH14: C250F3 HS | AI14: C250F3 HS
B15: EUROPE | C15: DC SF CRIMP | D15: C250 | E15: 3 | F15: 2 | G15: =IFERROR(IF(OR($F15=0,VLOOKUP($D15,'MC MASTER'!$A:$R,18,0)=0),"-",ROUND(VLOOKUP($D15,'MC MASTER'!$A:$R,18,0)*$E15*$F15,3)),"-") | H15: =IFERROR(SUMIFS(WORKING!$Y:$Y,WORKING!$X:$X,$D15,WORKING!$W:$W,H$500),"") | I15: =IFERROR(SUMIFS(WORKING!$Y:$Y,WORKING!$X:$X,$D15,WORKING!$W:$W,I$500),"") | J15: =IFERROR(SUMIFS(WORKING!$Y:$Y,WORKING!$X:$X,$D15,WORKING!$W:$W,J$500),"") | K15: =IFERROR(SUMIFS(WORKING!$Y:$Y,WORKING!$X:$X,$D15,WORKING!$W:$W,K$500),"") | L15: =IFERROR(SUMIFS(WORKING!$Y:$Y,WORKING!$X:$X,$D15,WORKING!$W:$W,L$500),"") | M15: =IFERROR(SUMIFS(WORKING!$Y:$Y,WORKING!$X:$X,$D15,WORKING!$W:$W,M$500),"") | N15: =IFERROR(SUMIFS(WORKING!$Y:$Y,WORKING!$X:$X,$D15,WORKING!$W:$W,N$500),"") | O15: =IFERROR(SUMIFS(WORKING!$Y:$Y,WORKING!$X:$X,$D15,WORKING!$W:$W,O$500),"") | ... S15: =IFERROR(SUMIFS(WORKING!$Y:$Y,WORKING!$X:$X,$D15,WORKING!$W:$W,S$500),"") | U15: =IFERROR(SUMIFS(WORKING!$Z:$Z,WORKING!$X:$X,$D15,WORKING!$W:$W,H$500),"") | V15: =IFERROR(SUMIFS(WORKING!$Z:$Z,WORKING!$X:$X,$D15,WORKING!$W:$W,I$500),"") | W15: =IFERROR(SUMIFS(WORKING!$Z:$Z,WORKING!$X:$X,$D15,WORKING!$W:$W,J$500),"") | X15: =IFERROR(SUMIFS(WORKING!$Z:$Z,WORKING!$X:$X,$D15,WORKING!$W:$W,K$500),"") | Y15: =IFERROR(SUMIFS(WORKING!$Z:$Z,WORKING!$X:$X,$D15,WORKING!$W:$W,L$500),"") | Z15: =IFERROR(SUMIFS(WORKING!$Z:$Z,WORKING!$X:$X,$D15,WORKING!$W:$W,M$500),"") | AA15: =IFERROR(SUMIFS(WORKING!$Z:$Z,WORKING!$X:$X,$D15,WORKING!$W:$W,N$500),"") | AB15: =IFERROR(SUMIFS(WORKING!$Z:$Z,WORKING!$X:$X,$D15,WORKING!$W:$W,O$500),"") | ... AF15: =IFERROR(SUMIFS(WORKING!$Z:$Z,WORKING!$X:$X,$D15,WORKING!$W:$W,S$500),"") | AH15: MD20 4GM TAG | AI15: MD20 4GM TAG
D16: VARIETIES PACK | E16: 1 | F16: 2 | G16: =IFERROR(IF(OR($F16=0,VLOOKUP($D16,'MC MASTER'!$A:$R,18,0)=0),"-",ROUND(VLOOKUP($D16,'MC MASTER'!$A:$R,18,0)*$E16*$F16,3)),"-") | H16: =IFERROR(SUMIFS(WORKING!$Y:$Y,WORKING!$X:$X,$D16,WORKING!$W:$W,H$500),"") | I16: =IFERROR(SUMIFS(WORKING!$Y:$Y,WORKING!$X:$X,$D16,WORKING!$W:$W,I$500),"") | J16: =IFERROR(SUMIFS(WORKING!$Y:$Y,WORKING!$X:$X,$D16,WORKING!$W:$W,J$500),"") | K16: =IFERROR(SUMIFS(WORKING!$Y:$Y,WORKING!$X:$X,$D16,WORKING!$W:$W,K$500),"") | L16: =IFERROR(SUMIFS(WORKING!$Y:$Y,WORKING!$X:$X,$D16,WORKING!$W:$W,L$500),"") | M16: =IFERROR(SUMIFS(WORKING!$Y:$Y,WORKING!$X:$X,$D16,WORKING!$W:$W,M$500),"") | N16: =IFERROR(SUMIFS(WORKING!$Y:$Y,WORKING!$X:$X,$D16,WORKING!$W:$W,N$500),"") | O16: =IFERROR(SUMIFS(WORKING!$Y:$Y,WORKING!$X:$X,$D16,WORKING!$W:$W,O$500),"") | ... S16: =IFERROR(SUMIFS(WORKING!$Y:$Y,WORKING!$X:$X,$D16,WORKING!$W:$W,S$500),"") | U16: =IFERROR(SUMIFS(WORKING!$Z:$Z,WORKING!$X:$X,$D16,WORKING!$W:$W,H$500),"") | V16: =IFERROR(SUMIFS(WORKING!$Z:$Z,WORKING!$X:$X,$D16,WORKING!$W:$W,I$500),"") | W16: =IFERROR(SUMIFS(WORKING!$Z:$Z,WORKING!$X:$X,$D16,WORKING!$W:$W,J$500),"") | X16: =IFERROR(SUMIFS(WORKING!$Z:$Z,WORKING!$X:$X,$D16,WORKING!$W:$W,K$500),"") | Y16: =IFERROR(SUMIFS(WORKING!$Z:$Z,WORKING!$X:$X,$D16,WORKING!$W:$W,L$500),"") | Z16: =IFERROR(SUMIFS(WORKING!$Z:$Z,WORKING!$X:$X,$D16,WORKING!$W:$W,M$500),"") | AA16: =IFERROR(SUMIFS(WORKING!$Z:$Z,WORKING!$X:$X,$D16,WORKING!$W:$W,N$500),"") | AB16: =IFERROR(SUMIFS(WORKING!$Z:$Z,WORKING!$X:$X,$D16,WORKING!$W:$W,O$500),"") | ... AF16: =IFERROR(SUMIFS(WORKING!$Z:$Z,WORKING!$X:$X,$D16,WORKING!$W:$W,S$500),"") | AH16: MD20 ENV | AI16: MD20 ENV
D17: TOTAL | G17: =SUM(G15:G16) | H17: =SUM(H15:H16) | I17: =SUM(I15:I16) | J17: =SUM(J15:J16) | K17: =SUM(K15:K16) | L17: =SUM(L15:L16) | M17: =SUM(M15:M16) | N17: =SUM(N15:N16) | ... S17: =SUM(S15:S16) | U17: =SUM(U15:U16) | V17: =SUM(V15:V16) | W17: =SUM(W15:W16) | X17: =SUM(X15:X16) | Y17: =SUM(Y15:Y16) | Z17: =SUM(Z15:Z16) | AA17: =SUM(AA15:AA16) | AB17: =SUM(AB15:AB16) | ... AF17: =SUM(AF15:AF16) | AH17: MD20 HS | AI17: MD20 HS
D18: Excess Order | H18: =IFERROR(IF(ROUND(H17-$G17,3)>0,ROUND(H17-$G17,3),""),"") | I18: =IFERROR(IF(ROUND(I17-$G17,3)>0,ROUND(I17-$G17,3),""),"") | J18: =IFERROR(IF(ROUND(J17-$G17,3)>0,ROUND(J17-$G17,3),""),"") | K18: =IFERROR(IF(ROUND(K17-$G17,3)>0,ROUND(K17-$G17,3),""),"") | L18: =IFERROR(IF(ROUND(L17-$G17,3)>0,ROUND(L17-$G17,3),""),"") | M18: =IFERROR(IF(ROUND(M17-$G17,3)>0,ROUND(M17-$G17,3),""),"") | N18: =IFERROR(IF(ROUND(N17-$G17,3)>0,ROUND(N17-$G17,3),""),"") | O18: =IFERROR(IF(ROUND(O17-$G17,3)>0,ROUND(O17-$G17,3),""),"") | ... S18: =IFERROR(IF(ROUND(S17-$G17,3)>0,ROUND(S17-$G17,3),""),"") | U18: =IFERROR(IF(ROUND(U17-$G17,3)>0,ROUND(U17-$G17,3),""),"") | V18: =IFERROR(IF(ROUND(V17-$G17,3)>0,ROUND(V17-$G17,3),""),"") | W18: =IFERROR(IF(ROUND(W17-$G17,3)>0,ROUND(W17-$G17,3),""),"") | X18: =IFERROR(IF(ROUND(X17-$G17,3)>0,ROUND(X17-$G17,3),""),"") | Y18: =IFERROR(IF(ROUND(Y17-$G17,3)>0,ROUND(Y17-$G17,3),""),"") | Z18: =IFERROR(IF(ROUND(Z17-$G17,3)>0,ROUND(Z17-$G17,3),""),"") | AA18: =IFERROR(IF(ROUND(AA17-$G17,3)>0,ROUND(AA17-$G17,3),""),"") | AB18: =IFERROR(IF(ROUND(AB17-$G17,3)>0,ROUND(AB17-$G17,3),""),"") | ... AF18: =IFERROR(IF(ROUND(AF17-$G17,3)>0,ROUND(AF17-$G17,3),""),"") | AH18: MAISA ENV | AI18: MAISA ENV
D19: Short Order | H19: =IFERROR(IF(ROUND($G17-H17,3)>0,ROUND($G17-H17,3),""),"") | I19: =IFERROR(IF(ROUND($G17-I17,3)>0,ROUND($G17-I17,3),""),"") | J19: =IFERROR(IF(ROUND($G17-J17,3)>0,ROUND($G17-J17,3),""),"") | K19: =IFERROR(IF(ROUND($G17-K17,3)>0,ROUND($G17-K17,3),""),"") | L19: =IFERROR(IF(ROUND($G17-L17,3)>0,ROUND($G17-L17,3),""),"") | M19: =IFERROR(IF(ROUND($G17-M17,3)>0,ROUND($G17-M17,3),""),"") | N19: =IFERROR(IF(ROUND($G17-N17,3)>0,ROUND($G17-N17,3),""),"") | O19: =IFERROR(IF(ROUND($G17-O17,3)>0,ROUND($G17-O17,3),""),"") | ... S19: =IFERROR(IF(ROUND($G17-S17,3)>0,ROUND($G17-S17,3),""),"") | U19: =IFERROR(IF(ROUND($G17-U17,3)>0,ROUND($G17-U17,3),""),"") | V19: =IFERROR(IF(ROUND($G17-V17,3)>0,ROUND($G17-V17,3),""),"") | W19: =IFERROR(IF(ROUND($G17-W17,3)>0,ROUND($G17-W17,3),""),"") | X19: =IFERROR(IF(ROUND($G17-X17,3)>0,ROUND($G17-X17,3),""),"") | Y19: =IFERROR(IF(ROUND($G17-Y17,3)>0,ROUND($G17-Y17,3),""),"") | Z19: =IFERROR(IF(ROUND($G17-Z17,3)>0,ROUND($G17-Z17,3),""),"") | AA19: =IFERROR(IF(ROUND($G17-AA17,3)>0,ROUND($G17-AA17,3),""),"") | AB19: =IFERROR(IF(ROUND($G17-AB17,3)>0,ROUND($G17-AB17,3),""),"") | ... AF19: =IFERROR(IF(ROUND($G17-AF17,3)>0,ROUND($G17-AF17,3),""),"") | AH19: MD20 ENV GARANT | AI19: MD20 ENV GARANT
C20: DC TAG | D20: MD20 4GM TAG | E20: 1 | F20: 1 | G20: =IFERROR(IF(OR($F20=0,VLOOKUP($D20,'MC MASTER'!$A:$R,18,0)=0),"-",ROUND(VLOOKUP($D20,'MC MASTER'!$A:$R,18,0)*$E20*$F20,3)),"-") | H20: =IFERROR(SUMIFS(WORKING!$Y:$Y,WORKING!$X:$X,$D20,WORKING!$W:$W,H$500),"") | I20: =IFERROR(SUMIFS(WORKING!$Y:$Y,WORKING!$X:$X,$D20,WORKING!$W:$W,I$500),"") | J20: =IFERROR(SUMIFS(WORKING!$Y:$Y,WORKING!$X:$X,$D20,WORKING!$W:$W,J$500),"") | K20: =IFERROR(SUMIFS(WORKING!$Y:$Y,WORKING!$X:$X,$D20,WORKING!$W:$W,K$500),"") | L20: =IFERROR(SUMIFS(WORKING!$Y:$Y,WORKING!$X:$X,$D20,WORKING!$W:$W,L$500),"") | M20: =IFERROR(SUMIFS(WORKING!$Y:$Y,WORKING!$X:$X,$D20,WORKING!$W:$W,M$500),"") | N20: =IFERROR(SUMIFS(WORKING!$Y:$Y,WORKING!$X:$X,$D20,WORKING!$W:$W,N$500),"") | O20: =IFERROR(SUMIFS(WORKING!$Y:$Y,WORKING!$X:$X,$D20,WORKING!$W:$W,O$500),"") | ... S20: =IFERROR(SUMIFS(WORKING!$Y:$Y,WORKING!$X:$X,$D20,WORKING!$W:$W,S$500),"") | U20: =IFERROR(SUMIFS(WORKING!$Z:$Z,WORKING!$X:$X,$D20,WORKING!$W:$W,H$500),"") | V20: =IFERROR(SUMIFS(WORKING!$Z:$Z,WORKING!$X:$X,$D20,WORKING!$W:$W,I$500),"") | W20: =IFERROR(SUMIFS(WORKING!$Z:$Z,WORKING!$X:$X,$D20,WORKING!$W:$W,J$500),"") | X20: =IFERROR(SUMIFS(WORKING!$Z:$Z,WORKING!$X:$X,$D20,WORKING!$W:$W,K$500),"") | Y20: =IFERROR(SUMIFS(WORKING!$Z:$Z,WORKING!$X:$X,$D20,WORKING!$W:$W,L$500),"") | Z20: =IFERROR(SUMIFS(WORKING!$Z:$Z,WORKING!$X:$X,$D20,WORKING!$W:$W,M$500),"") | AA20: =IFERROR(SUMIFS(WORKING!$Z:$Z,WORKING!$X:$X,$D20,WORKING!$W:$W,N$500),"") | AB20: =IFERROR(SUMIFS(WORKING!$Z:$Z,WORKING!$X:$X,$D20,WORKING!$W:$W,O$500),"") | ... AF20: =IFERROR(SUMIFS(WORKING!$Z:$Z,WORKING!$X:$X,$D20,WORKING!$W:$W,S$500),"") | AH20: MAISA TAGLESS | AI20: MAISA TAGLESS
D21: PERFECTA K 45 TAG | E21: 1 | F21: 1 | G21: =IFERROR(IF(OR($F21=0,VLOOKUP($D21,'MC MASTER'!$A:$R,18,0)=0),"-",ROUND(VLOOKUP($D21,'MC MASTER'!$A:$R,18,0)*$E21*$F21,3)),"-") | H21: =IFERROR(SUMIFS(WORKING!$Y:$Y,WORKING!$X:$X,$D21,WORKING!$W:$W,H$500),"") | I21: =IFERROR(SUMIFS(WORKING!$Y:$Y,WORKING!$X:$X,$D21,WORKING!$W:$W,I$500),"") | J21: =IFERROR(SUMIFS(WORKING!$Y:$Y,WORKING!$X:$X,$D21,WORKING!$W:$W,J$500),"") | K21: =IFERROR(SUMIFS(WORKING!$Y:$Y,WORKING!$X:$X,$D21,WORKING!$W:$W,K$500),"") | L21: =IFERROR(SUMIFS(WORKING!$Y:$Y,WORKING!$X:$X,$D21,WORKING!$W:$W,L$500),"") | M21: =IFERROR(SUMIFS(WORKING!$Y:$Y,WORKING!$X:$X,$D21,WORKING!$W:$W,M$500),"") | N21: =IFERROR(SUMIFS(WORKING!$Y:$Y,WORKING!$X:$X,$D21,WORKING!$W:$W,N$500),"") | O21: =IFERROR(SUMIFS(WORKING!$Y:$Y,WORKING!$X:$X,$D21,WORKING!$W:$W,O$500),"") | ... S21: =IFERROR(SUMIFS(WORKING!$Y:$Y,WORKING!$X:$X,$D21,WORKING!$W:$W,S$500),"") | U21: =IFERROR(SUMIFS(WORKING!$Z:$Z,WORKING!$X:$X,$D21,WORKING!$W:$W,H$500),"") | V21: =IFERROR(SUMIFS(WORKING!$Z:$Z,WORKING!$X:$X,$D21,WORKING!$W:$W,I$500),"") | W21: =IFERROR(SUMIFS(WORKING!$Z:$Z,WORKING!$X:$X,$D21,WORKING!$W:$W,J$500),"") | X21: =IFERROR(SUMIFS(WORKING!$Z:$Z,WORKING!$X:$X,$D21,WORKING!$W:$W,K$500),"") | Y21: =IFERROR(SUMIFS(WORKING!$Z:$Z,WORKING!$X:$X,$D21,WORKING!$W:$W,L$500),"") | Z21: =IFERROR(SUMIFS(WORKING!$Z:$Z,WORKING!$X:$X,$D21,WORKING!$W:$W,M$500),"") | AA21: =IFERROR(SUMIFS(WORKING!$Z:$Z,WORKING!$X:$X,$D21,WORKING!$W:$W,N$500),"") | AB21: =IFERROR(SUMIFS(WORKING!$Z:$Z,WORKING!$X:$X,$D21,WORKING!$W:$W,O$500),"") | ... AF21: =IFERROR(SUMIFS(WORKING!$Z:$Z,WORKING!$X:$X,$D21,WORKING!$W:$W,S$500),"") | AH21: CONSTANTA TAG | AI21: CONSTANTA TAG
D22: TOTAL | G22: =SUM(G20:G21) | H22: =SUM(H20:H21) | I22: =SUM(I20:I21) | J22: =SUM(J20:J21) | K22: =SUM(K20:K21) | L22: =SUM(L20:L21) | M22: =SUM(M20:M21) | N22: =SUM(N20:N21) | ... S22: =SUM(S20:S21) | U22: =SUM(U20:U21) | V22: =SUM(V20:V21) | W22: =SUM(W20:W21) | X22: =SUM(X20:X21) | Y22: =SUM(Y20:Y21) | Z22: =SUM(Z20:Z21) | AA22: =SUM(AA20:AA21) | AB22: =SUM(AB20:AB21) | ... AF22: =SUM(AF20:AF21) | AH22: CONSTANTA TAG (D) | AI22: CONSTANTA TAG
D23: Excess Order | H23: =IFERROR(IF(ROUND(H22-$G22,3)>0,ROUND(H22-$G22,3),""),"") | I23: =IFERROR(IF(ROUND(I22-$G22,3)>0,ROUND(I22-$G22,3),""),"") | J23: =IFERROR(IF(ROUND(J22-$G22,3)>0,ROUND(J22-$G22,3),""),"") | K23: =IFERROR(IF(ROUND(K22-$G22,3)>0,ROUND(K22-$G22,3),""),"") | L23: =IFERROR(IF(ROUND(L22-$G22,3)>0,ROUND(L22-$G22,3),""),"") | M23: =IFERROR(IF(ROUND(M22-$G22,3)>0,ROUND(M22-$G22,3),""),"") | N23: =IFERROR(IF(ROUND(N22-$G22,3)>0,ROUND(N22-$G22,3),""),"") | O23: =IFERROR(IF(ROUND(O22-$G22,3)>0,ROUND(O22-$G22,3),""),"") | ... S23: =IFERROR(IF(ROUND(S22-$G22,3)>0,ROUND(S22-$G22,3),""),"") | U23: =IFERROR(IF(ROUND(U22-$G22,3)>0,ROUND(U22-$G22,3),""),"") | V23: =IFERROR(IF(ROUND(V22-$G22,3)>0,ROUND(V22-$G22,3),""),"") | W23: =IFERROR(IF(ROUND(W22-$G22,3)>0,ROUND(W22-$G22,3),""),"") | X23: =IFERROR(IF(ROUND(X22-$G22,3)>0,ROUND(X22-$G22,3),""),"") | Y23: =IFERROR(IF(ROUND(Y22-$G22,3)>0,ROUND(Y22-$G22,3),""),"") | Z23: =IFERROR(IF(ROUND(Z22-$G22,3)>0,ROUND(Z22-$G22,3),""),"") | AA23: =IFERROR(IF(ROUND(AA22-$G22,3)>0,ROUND(AA22-$G22,3),""),"") | AB23: =IFERROR(IF(ROUND(AB22-$G22,3)>0,ROUND(AB22-$G22,3),""),"") | ... AF23: =IFERROR(IF(ROUND(AF22-$G22,3)>0,ROUND(AF22-$G22,3),""),"") | AH23: PERFACTA TAG | AI23: PERFACTA TAG
D24: Short Order | H24: =IFERROR(IF(ROUND($G22-H22,3)>0,ROUND($G22-H22,3),""),"") | I24: =IFERROR(IF(ROUND($G22-I22,3)>0,ROUND($G22-I22,3),""),"") | J24: =IFERROR(IF(ROUND($G22-J22,3)>0,ROUND($G22-J22,3),""),"") | K24: =IFERROR(IF(ROUND($G22-K22,3)>0,ROUND($G22-K22,3),""),"") | L24: =IFERROR(IF(ROUND($G22-L22,3)>0,ROUND($G22-L22,3),""),"") | M24: =IFERROR(IF(ROUND($G22-M22,3)>0,ROUND($G22-M22,3),""),"") | N24: =IFERROR(IF(ROUND($G22-N22,3)>0,ROUND($G22-N22,3),""),"") | O24: =IFERROR(IF(ROUND($G22-O22,3)>0,ROUND($G22-O22,3),""),"") | ... S24: =IFERROR(IF(ROUND($G22-S22,3)>0,ROUND($G22-S22,3),""),"") | U24: =IFERROR(IF(ROUND($G22-U22,3)>0,ROUND($G22-U22,3),""),"") | V24: =IFERROR(IF(ROUND($G22-V22,3)>0,ROUND($G22-V22,3),""),"") | W24: =IFERROR(IF(ROUND($G22-W22,3)>0,ROUND($G22-W22,3),""),"") | X24: =IFERROR(IF(ROUND($G22-X22,3)>0,ROUND($G22-X22,3),""),"") | Y24: =IFERROR(IF(ROUND($G22-Y22,3)>0,ROUND($G22-Y22,3),""),"") | Z24: =IFERROR(IF(ROUND($G22-Z22,3)>0,ROUND($G22-Z22,3),""),"") | AA24: =IFERROR(IF(ROUND($G22-AA22,3)>0,ROUND($G22-AA22,3),""),"") | AB24: =IFERROR(IF(ROUND($G22-AB22,3)>0,ROUND($G22-AB22,3),""),"") | ... AF24: =IFERROR(IF(ROUND($G22-AF22,3)>0,ROUND($G22-AF22,3),""),"") | AH24: PERFECTA K 45 TAG | AI24: PERFECTA K 45 TAG
B25: RUSSIA | C25: DC TAG | D25: MD20 HS | E25: 2 | F25: 1 | G25: =IFERROR(IF(OR($F25=0,VLOOKUP($D25,'MC MASTER'!$A:$R,18,0)=0),"-",ROUND(VLOOKUP($D25,'MC MASTER'!$A:$R,18,0)*$E25*$F25,3)),"-") | H25: =IFERROR(SUMIFS(WORKING!$Y:$Y,WORKING!$X:$X,$D25,WORKING!$W:$W,H$500),"") | I25: =IFERROR(SUMIFS(WORKING!$Y:$Y,WORKING!$X:$X,$D25,WORKING!$W:$W,I$500),"") | J25: =IFERROR(SUMIFS(WORKING!$Y:$Y,WORKING!$X:$X,$D25,WORKING!$W:$W,J$500),"") | K25: =IFERROR(SUMIFS(WORKING!$Y:$Y,WORKING!$X:$X,$D25,WORKING!$W:$W,K$500),"") | L25: =IFERROR(SUMIFS(WORKING!$Y:$Y,WORKING!$X:$X,$D25,WORKING!$W:$W,L$500),"") | M25: =IFERROR(SUMIFS(WORKING!$Y:$Y,WORKING!$X:$X,$D25,WORKING!$W:$W,M$500),"") | N25: =IFERROR(SUMIFS(WORKING!$Y:$Y,WORKING!$X:$X,$D25,WORKING!$W:$W,N$500),"") | O25: =IFERROR(SUMIFS(WORKING!$Y:$Y,WORKING!$X:$X,$D25,WORKING!$W:$W,O$500),"") | ... S25: =IFERROR(SUMIFS(WORKING!$Y:$Y,WORKING!$X:$X,$D25,WORKING!$W:$W,S$500),"") | U25: =IFERROR(SUMIFS(WORKING!$Z:$Z,WORKING!$X:$X,$D25,WORKING!$W:$W,H$500),"") | V25: =IFERROR(SUMIFS(WORKING!$Z:$Z,WORKING!$X:$X,$D25,WORKING!$W:$W,I$500),"") | W25: =IFERROR(SUMIFS(WORKING!$Z:$Z,WORKING!$X:$X,$D25,WORKING!$W:$W,J$500),"") | X25: =IFERROR(SUMIFS(WORKING!$Z:$Z,WORKING!$X:$X,$D25,WORKING!$W:$W,K$500),"") | Y25: =IFERROR(SUMIFS(WORKING!$Z:$Z,WORKING!$X:$X,$D25,WORKING!$W:$W,L$500),"") | Z25: =IFERROR(SUMIFS(WORKING!$Z:$Z,WORKING!$X:$X,$D25,WORKING!$W:$W,M$500),"") | AA25: =IFERROR(SUMIFS(WORKING!$Z:$Z,WORKING!$X:$X,$D25,WORKING!$W:$W,N$500),"") | AB25: =IFERROR(SUMIFS(WORKING!$Z:$Z,WORKING!$X:$X,$D25,WORKING!$W:$W,O$500),"") | ... AF25: =IFERROR(SUMIFS(WORKING!$Z:$Z,WORKING!$X:$X,$D25,WORKING!$W:$W,S$500),"") | AH25: CONSTANTA FAMILY SIZE | AI25: CONSTANTA FAMILY SIZE
D26: TOTAL | G26: =SUM(G25:G25) | H26: =SUM(H25:H25) | I26: =SUM(I25:I25) | J26: =SUM(J25:J25) | K26: =SUM(K25:K25) | L26: =SUM(L25:L25) | M26: =SUM(M25:M25) | N26: =SUM(N25:N25) | ... S26: =SUM(S25:S25) | U26: =SUM(U25:U25) | V26: =SUM(V25:V25) | W26: =SUM(W25:W25) | X26: =SUM(X25:X25) | Y26: =SUM(Y25:Y25) | Z26: =SUM(Z25:Z25) | AA26: =SUM(AA25:AA25) | AB26: =SUM(AB25:AB25) | ... AF26: =SUM(AF25:AF25) | AH26: BREW MAGIC | AI26: BREW MAGIC
D27: Excess Order | H27: =IFERROR(IF(ROUND(H26-$G26,3)>0,ROUND(H26-$G26,3),""),"") | I27: =IFERROR(IF(ROUND(I26-$G26,3)>0,ROUND(I26-$G26,3),""),"") | J27: =IFERROR(IF(ROUND(J26-$G26,3)>0,ROUND(J26-$G26,3),""),"") | K27: =IFERROR(IF(ROUND(K26-$G26,3)>0,ROUND(K26-$G26,3),""),"") | L27: =IFERROR(IF(ROUND(L26-$G26,3)>0,ROUND(L26-$G26,3),""),"") | M27: =IFERROR(IF(ROUND(M26-$G26,3)>0,ROUND(M26-$G26,3),""),"") | N27: =IFERROR(IF(ROUND(N26-$G26,3)>0,ROUND(N26-$G26,3),""),"") | O27: =IFERROR(IF(ROUND(O26-$G26,3)>0,ROUND(O26-$G26,3),""),"") | ... S27: =IFERROR(IF(ROUND(S26-$G26,3)>0,ROUND(S26-$G26,3),""),"") | U27: =IFERROR(IF(ROUND(U26-$G26,3)>0,ROUND(U26-$G26,3),""),"") | V27: =IFERROR(IF(ROUND(V26-$G26,3)>0,ROUND(V26-$G26,3),""),"") | W27: =IFERROR(IF(ROUND(W26-$G26,3)>0,ROUND(W26-$G26,3),""),"") | X27: =IFERROR(IF(ROUND(X26-$G26,3)>0,ROUND(X26-$G26,3),""),"") | Y27: =IFERROR(IF(ROUND(Y26-$G26,3)>0,ROUND(Y26-$G26,3),""),"") | Z27: =IFERROR(IF(ROUND(Z26-$G26,3)>0,ROUND(Z26-$G26,3),""),"") | AA27: =IFERROR(IF(ROUND(AA26-$G26,3)>0,ROUND(AA26-$G26,3),""),"") | AB27: =IFERROR(IF(ROUND(AB26-$G26,3)>0,ROUND(AB26-$G26,3),""),"") | ... AF27: =IFERROR(IF(ROUND(AF26-$G26,3)>0,ROUND(AF26-$G26,3),""),"") | AH27: UNIVERSAL POT BAG | AI27: UNIVERSAL POT BAG
D28: Short Order | H28: =IFERROR(IF(ROUND($G26-H26,3)>0,ROUND($G26-H26,3),""),"") | I28: =IFERROR(IF(ROUND($G26-I26,3)>0,ROUND($G26-I26,3),""),"") | J28: =IFERROR(IF(ROUND($G26-J26,3)>0,ROUND($G26-J26,3),""),"") | K28: =IFERROR(IF(ROUND($G26-K26,3)>0,ROUND($G26-K26,3),""),"") | L28: =IFERROR(IF(ROUND($G26-L26,3)>0,ROUND($G26-L26,3),""),"") | M28: =IFERROR(IF(ROUND($G26-M26,3)>0,ROUND($G26-M26,3),""),"") | N28: =IFERROR(IF(ROUND($G26-N26,3)>0,ROUND($G26-N26,3),""),"") | O28: =IFERROR(IF(ROUND($G26-O26,3)>0,ROUND($G26-O26,3),""),"") | ... S28: =IFERROR(IF(ROUND($G26-S26,3)>0,ROUND($G26-S26,3),""),"") | U28: =IFERROR(IF(ROUND($G26-U26,3)>0,ROUND($G26-U26,3),""),"") | V28: =IFERROR(IF(ROUND($G26-V26,3)>0,ROUND($G26-V26,3),""),"") | W28: =IFERROR(IF(ROUND($G26-W26,3)>0,ROUND($G26-W26,3),""),"") | X28: =IFERROR(IF(ROUND($G26-X26,3)>0,ROUND($G26-X26,3),""),"") | Y28: =IFERROR(IF(ROUND($G26-Y26,3)>0,ROUND($G26-Y26,3),""),"") | Z28: =IFERROR(IF(ROUND($G26-Z26,3)>0,ROUND($G26-Z26,3),""),"") | AA28: =IFERROR(IF(ROUND($G26-AA26,3)>0,ROUND($G26-AA26,3),""),"") | AB28: =IFERROR(IF(ROUND($G26-AB26,3)>0,ROUND($G26-AB26,3),""),"") | ... AF28: =IFERROR(IF(ROUND($G26-AF26,3)>0,ROUND($G26-AF26,3),""),"") | AH28: UNIVERSAL TWIN BAG | AI28: UNIVERSAL TWIN BAG
B29: USA | C29: TREE HOUSE | D29: CONSTANTA FAMILY SIZE | E29: 2 | F29: 0 | G29: =IFERROR(IF(OR($F29=0,VLOOKUP($D29,'MC MASTER'!$A:$R,18,0)=0),"-",ROUND(VLOOKUP($D29,'MC MASTER'!$A:$R,18,0)*$E29*$F29,3)),"-") | H29: =IFERROR(SUMIFS(WORKING!$Y:$Y,WORKING!$X:$X,$D29,WORKING!$W:$W,H$500),"") | I29: =IFERROR(SUMIFS(WORKING!$Y:$Y,WORKING!$X:$X,$D29,WORKING!$W:$W,I$500),"") | J29: =IFERROR(SUMIFS(WORKING!$Y:$Y,WORKING!$X:$X,$D29,WORKING!$W:$W,J$500),"") | K29: =IFERROR(SUMIFS(WORKING!$Y:$Y,WORKING!$X:$X,$D29,WORKING!$W:$W,K$500),"") | L29: =IFERROR(SUMIFS(WORKING!$Y:$Y,WORKING!$X:$X,$D29,WORKING!$W:$W,L$500),"") | M29: =IFERROR(SUMIFS(WORKING!$Y:$Y,WORKING!$X:$X,$D29,WORKING!$W:$W,M$500),"") | N29: =IFERROR(SUMIFS(WORKING!$Y:$Y,WORKING!$X:$X,$D29,WORKING!$W:$W,N$500),"") | O29: =IFERROR(SUMIFS(WORKING!$Y:$Y,WORKING!$X:$X,$D29,WORKING!$W:$W,O$500),"") | ... S29: =IFERROR(SUMIFS(WORKING!$Y:$Y,WORKING!$X:$X,$D29,WORKING!$W:$W,S$500),"") | U29: =IFERROR(SUMIFS(WORKING!$Z:$Z,WORKING!$X:$X,$D29,WORKING!$W:$W,H$500),"") | V29: =IFERROR(SUMIFS(WORKING!$Z:$Z,WORKING!$X:$X,$D29,WORKING!$W:$W,I$500),"") | W29: =IFERROR(SUMIFS(WORKING!$Z:$Z,WORKING!$X:$X,$D29,WORKING!$W:$W,J$500),"") | X29: =IFERROR(SUMIFS(WORKING!$Z:$Z,WORKING!$X:$X,$D29,WORKING!$W:$W,K$500),"") | Y29: =IFERROR(SUMIFS(WORKING!$Z:$Z,WORKING!$X:$X,$D29,WORKING!$W:$W,L$500),"") | Z29: =IFERROR(SUMIFS(WORKING!$Z:$Z,WORKING!$X:$X,$D29,WORKING!$W:$W,M$500),"") | AA29: =IFERROR(SUMIFS(WORKING!$Z:$Z,WORKING!$X:$X,$D29,WORKING!$W:$W,N$500),"") | AB29: =IFERROR(SUMIFS(WORKING!$Z:$Z,WORKING!$X:$X,$D29,WORKING!$W:$W,O$500),"") | ... AF29: =IFERROR(SUMIFS(WORKING!$Z:$Z,WORKING!$X:$X,$D29,WORKING!$W:$W,S$500),"") | AH29: PEARL PACK-PREMIX | AI29: PEARL PACK-PREMIX
D30: PERFACTA TAG | E30: 2 | F30: 1 | G30: =IFERROR(IF(OR($F30=0,VLOOKUP($D30,'MC MASTER'!$A:$R,18,0)=0),"-",ROUND(VLOOKUP($D30,'MC MASTER'!$A:$R,18,0)*$E30*$F30,3)),"-") | H30: =IFERROR(SUMIFS(WORKING!$Y:$Y,WORKING!$X:$X,$D30,WORKING!$W:$W,H$500),"") | I30: =IFERROR(SUMIFS(WORKING!$Y:$Y,WORKING!$X:$X,$D30,WORKING!$W:$W,I$500),"") | J30: =IFERROR(SUMIFS(WORKING!$Y:$Y,WORKING!$X:$X,$D30,WORKING!$W:$W,J$500),"") | K30: =IFERROR(SUMIFS(WORKING!$Y:$Y,WORKING!$X:$X,$D30,WORKING!$W:$W,K$500),"") | L30: =IFERROR(SUMIFS(WORKING!$Y:$Y,WORKING!$X:$X,$D30,WORKING!$W:$W,L$500),"") | M30: =IFERROR(SUMIFS(WORKING!$Y:$Y,WORKING!$X:$X,$D30,WORKING!$W:$W,M$500),"") | N30: =IFERROR(SUMIFS(WORKING!$Y:$Y,WORKING!$X:$X,$D30,WORKING!$W:$W,N$500),"") | O30: =IFERROR(SUMIFS(WORKING!$Y:$Y,WORKING!$X:$X,$D30,WORKING!$W:$W,O$500),"") | ... S30: =IFERROR(SUMIFS(WORKING!$Y:$Y,WORKING!$X:$X,$D30,WORKING!$W:$W,S$500),"") | U30: =IFERROR(SUMIFS(WORKING!$Z:$Z,WORKING!$X:$X,$D30,WORKING!$W:$W,H$500),"") | V30: =IFERROR(SUMIFS(WORKING!$Z:$Z,WORKING!$X:$X,$D30,WORKING!$W:$W,I$500),"") | W30: =IFERROR(SUMIFS(WORKING!$Z:$Z,WORKING!$X:$X,$D30,WORKING!$W:$W,J$500),"") | X30: =IFERROR(SUMIFS(WORKING!$Z:$Z,WORKING!$X:$X,$D30,WORKING!$W:$W,K$500),"") | Y30: =IFERROR(SUMIFS(WORKING!$Z:$Z,WORKING!$X:$X,$D30,WORKING!$W:$W,L$500),"") | Z30: =IFERROR(SUMIFS(WORKING!$Z:$Z,WORKING!$X:$X,$D30,WORKING!$W:$W,M$500),"") | AA30: =IFERROR(SUMIFS(WORKING!$Z:$Z,WORKING!$X:$X,$D30,WORKING!$W:$W,N$500),"") | AB30: =IFERROR(SUMIFS(WORKING!$Z:$Z,WORKING!$X:$X,$D30,WORKING!$W:$W,O$500),"") | ... AF30: =IFERROR(SUMIFS(WORKING!$Z:$Z,WORKING!$X:$X,$D30,WORKING!$W:$W,S$500),"") | AH30: PEARL PACK-PREMIX 2 | AI30: PEARL PACK-PREMIX
D31: TOTAL | G31: =SUM(G29:G30) | H31: =SUM(H29:H30) | I31: =SUM(I29:I30) | J31: =SUM(J29:J30) | K31: =SUM(K29:K30) | L31: =SUM(L29:L30) | M31: =SUM(M29:M30) | N31: =SUM(N29:N30) | ... S31: =SUM(S29:S30) | U31: =SUM(U29:U30) | V31: =SUM(V29:V30) | W31: =SUM(W29:W30) | X31: =SUM(X29:X30) | Y31: =SUM(Y29:Y30) | Z31: =SUM(Z29:Z30) | AA31: =SUM(AA29:AA30) | AB31: =SUM(AB29:AB30) | ... AF31: =SUM(AF29:AF30) | AH31: INSTANT COFFEE STICK PACK | AI31: INSTANT COFFEE STICK PACK
D32: Excess Order | H32: =IFERROR(IF(ROUND(H31-$G31,3)>0,ROUND(H31-$G31,3),""),"") | I32: =IFERROR(IF(ROUND(I31-$G31,3)>0,ROUND(I31-$G31,3),""),"") | J32: =IFERROR(IF(ROUND(J31-$G31,3)>0,ROUND(J31-$G31,3),""),"") | K32: =IFERROR(IF(ROUND(K31-$G31,3)>0,ROUND(K31-$G31,3),""),"") | L32: =IFERROR(IF(ROUND(L31-$G31,3)>0,ROUND(L31-$G31,3),""),"") | M32: =IFERROR(IF(ROUND(M31-$G31,3)>0,ROUND(M31-$G31,3),""),"") | N32: =IFERROR(IF(ROUND(N31-$G31,3)>0,ROUND(N31-$G31,3),""),"") | O32: =IFERROR(IF(ROUND(O31-$G31,3)>0,ROUND(O31-$G31,3),""),"") | ... S32: =IFERROR(IF(ROUND(S31-$G31,3)>0,ROUND(S31-$G31,3),""),"") | U32: =IFERROR(IF(ROUND(U31-$G31,3)>0,ROUND(U31-$G31,3),""),"") | V32: =IFERROR(IF(ROUND(V31-$G31,3)>0,ROUND(V31-$G31,3),""),"") | W32: =IFERROR(IF(ROUND(W31-$G31,3)>0,ROUND(W31-$G31,3),""),"") | X32: =IFERROR(IF(ROUND(X31-$G31,3)>0,ROUND(X31-$G31,3),""),"") | Y32: =IFERROR(IF(ROUND(Y31-$G31,3)>0,ROUND(Y31-$G31,3),""),"") | Z32: =IFERROR(IF(ROUND(Z31-$G31,3)>0,ROUND(Z31-$G31,3),""),"") | AA32: =IFERROR(IF(ROUND(AA31-$G31,3)>0,ROUND(AA31-$G31,3),""),"") | AB32: =IFERROR(IF(ROUND(AB31-$G31,3)>0,ROUND(AB31-$G31,3),""),"") | ... AF32: =IFERROR(IF(ROUND(AF31-$G31,3)>0,ROUND(AF31-$G31,3),""),"") | AH32: Instant Tea | AI32: Instant Tea
D33: Short Order | H33: =IFERROR(IF(ROUND($G31-H31,3)>0,ROUND($G31-H31,3),""),"") | I33: =IFERROR(IF(ROUND($G31-I31,3)>0,ROUND($G31-I31,3),""),"") | J33: =IFERROR(IF(ROUND($G31-J31,3)>0,ROUND($G31-J31,3),""),"") | K33: =IFERROR(IF(ROUND($G31-K31,3)>0,ROUND($G31-K31,3),""),"") | L33: =IFERROR(IF(ROUND($G31-L31,3)>0,ROUND($G31-L31,3),""),"") | M33: =IFERROR(IF(ROUND($G31-M31,3)>0,ROUND($G31-M31,3),""),"") | N33: =IFERROR(IF(ROUND($G31-N31,3)>0,ROUND($G31-N31,3),""),"") | O33: =IFERROR(IF(ROUND($G31-O31,3)>0,ROUND($G31-O31,3),""),"") | ... S33: =IFERROR(IF(ROUND($G31-S31,3)>0,ROUND($G31-S31,3),""),"") | U33: =IFERROR(IF(ROUND($G31-U31,3)>0,ROUND($G31-U31,3),""),"") | V33: =IFERROR(IF(ROUND($G31-V31,3)>0,ROUND($G31-V31,3),""),"") | W33: =IFERROR(IF(ROUND($G31-W31,3)>0,ROUND($G31-W31,3),""),"") | X33: =IFERROR(IF(ROUND($G31-X31,3)>0,ROUND($G31-X31,3),""),"") | Y33: =IFERROR(IF(ROUND($G31-Y31,3)>0,ROUND($G31-Y31,3),""),"") | Z33: =IFERROR(IF(ROUND($G31-Z31,3)>0,ROUND($G31-Z31,3),""),"") | AA33: =IFERROR(IF(ROUND($G31-AA31,3)>0,ROUND($G31-AA31,3),""),"") | AB33: =IFERROR(IF(ROUND($G31-AB31,3)>0,ROUND($G31-AB31,3),""),"") | ... AF33: =IFERROR(IF(ROUND($G31-AF31,3)>0,ROUND($G31-AF31,3),""),"") | AH33: VIKING-MULTITRACK | AI33: VIKING-MULTITRACK
A34: Zone 2 | B34: AFRICA | C34: SC | D34: MAISA TAGLESS | E34: 7 | F34: 1 | G34: =IFERROR(IF(OR($F34=0,VLOOKUP($D34,'MC MASTER'!$A:$R,18,0)=0),"-",ROUND(VLOOKUP($D34,'MC MASTER'!$A:$R,18,0)*$E34*$F34,3)),"-") | H34: =IFERROR(SUMIFS(WORKING!$Y:$Y,WORKING!$X:$X,$D34,WORKING!$W:$W,H$500),"") | I34: =IFERROR(SUMIFS(WORKING!$Y:$Y,WORKING!$X:$X,$D34,WORKING!$W:$W,I$500),"") | J34: =IFERROR(SUMIFS(WORKING!$Y:$Y,WORKING!$X:$X,$D34,WORKING!$W:$W,J$500),"") | K34: =IFERROR(SUMIFS(WORKING!$Y:$Y,WORKING!$X:$X,$D34,WORKING!$W:$W,K$500),"") | L34: =IFERROR(SUMIFS(WORKING!$Y:$Y,WORKING!$X:$X,$D34,WORKING!$W:$W,L$500),"") | M34: =IFERROR(SUMIFS(WORKING!$Y:$Y,WORKING!$X:$X,$D34,WORKING!$W:$W,M$500),"") | N34: =IFERROR(SUMIFS(WORKING!$Y:$Y,WORKING!$X:$X,$D34,WORKING!$W:$W,N$500),"") | O34: =IFERROR(SUMIFS(WORKING!$Y:$Y,WORKING!$X:$X,$D34,WORKING!$W:$W,O$500),"") | ... S34: =IFERROR(SUMIFS(WORKING!$Y:$Y,WORKING!$X:$X,$D34,WORKING!$W:$W,S$500),"") | U34: =IFERROR(SUMIFS(WORKING!$Z:$Z,WORKING!$X:$X,$D34,WORKING!$W:$W,H$500),"") | V34: =IFERROR(SUMIFS(WORKING!$Z:$Z,WORKING!$X:$X,$D34,WORKING!$W:$W,I$500),"") | W34: =IFERROR(SUMIFS(WORKING!$Z:$Z,WORKING!$X:$X,$D34,WORKING!$W:$W,J$500),"") | X34: =IFERROR(SUMIFS(WORKING!$Z:$Z,WORKING!$X:$X,$D34,WORKING!$W:$W,K$500),"") | Y34: =IFERROR(SUMIFS(WORKING!$Z:$Z,WORKING!$X:$X,$D34,WORKING!$W:$W,L$500),"") | Z34: =IFERROR(SUMIFS(WORKING!$Z:$Z,WORKING!$X:$X,$D34,WORKING!$W:$W,M$500),"") | AA34: =IFERROR(SUMIFS(WORKING!$Z:$Z,WORKING!$X:$X,$D34,WORKING!$W:$W,N$500),"") | AB34: =IFERROR(SUMIFS(WORKING!$Z:$Z,WORKING!$X:$X,$D34,WORKING!$W:$W,O$500),"") | ... AF34: =IFERROR(SUMIFS(WORKING!$Z:$Z,WORKING!$X:$X,$D34,WORKING!$W:$W,S$500),"") | AH34: Pearl Pack-FFS POUCH | AI34: Pearl Pack-FFS POUCH
D35: TOTAL | G35: =SUM(G34:G34) | H35: =SUM(H34:H34) | I35: =SUM(I34:I34) | J35: =SUM(J34:J34) | K35: =SUM(K34:K34) | L35: =SUM(L34:L34) | M35: =SUM(M34:M34) | N35: =SUM(N34:N34) | ... S35: =SUM(S34:S34) | U35: =SUM(U34:U34) | V35: =SUM(V34:V34) | W35: =SUM(W34:W34) | X35: =SUM(X34:X34) | Y35: =SUM(Y34:Y34) | Z35: =SUM(Z34:Z34) | AA35: =SUM(AA34:AA34) | AB35: =SUM(AB34:AB34) | ... AF35: =SUM(AF34:AF34) | AH35: PEARL PACK-NANO | AI35: PEARL PACK-NANO
D36: Excess Order | H36: =IFERROR(IF(ROUND(H35-$G35,3)>0,ROUND(H35-$G35,3),""),"") | I36: =IFERROR(IF(ROUND(I35-$G35,3)>0,ROUND(I35-$G35,3),""),"") | J36: =IFERROR(IF(ROUND(J35-$G35,3)>0,ROUND(J35-$G35,3),""),"") | K36: =IFERROR(IF(ROUND(K35-$G35,3)>0,ROUND(K35-$G35,3),""),"") | L36: =IFERROR(IF(ROUND(L35-$G35,3)>0,ROUND(L35-$G35,3),""),"") | M36: =IFERROR(IF(ROUND(M35-$G35,3)>0,ROUND(M35-$G35,3),""),"") | N36: =IFERROR(IF(ROUND(N35-$G35,3)>0,ROUND(N35-$G35,3),""),"") | O36: =IFERROR(IF(ROUND(O35-$G35,3)>0,ROUND(O35-$G35,3),""),"") | ... S36: =IFERROR(IF(ROUND(S35-$G35,3)>0,ROUND(S35-$G35,3),""),"") | U36: =IFERROR(IF(ROUND(U35-$G35,3)>0,ROUND(U35-$G35,3),""),"") | V36: =IFERROR(IF(ROUND(V35-$G35,3)>0,ROUND(V35-$G35,3),""),"") | W36: =IFERROR(IF(ROUND(W35-$G35,3)>0,ROUND(W35-$G35,3),""),"") | X36: =IFERROR(IF(ROUND(X35-$G35,3)>0,ROUND(X35-$G35,3),""),"") | Y36: =IFERROR(IF(ROUND(Y35-$G35,3)>0,ROUND(Y35-$G35,3),""),"") | Z36: =IFERROR(IF(ROUND(Z35-$G35,3)>0,ROUND(Z35-$G35,3),""),"") | AA36: =IFERROR(IF(ROUND(AA35-$G35,3)>0,ROUND(AA35-$G35,3),""),"") | AB36: =IFERROR(IF(ROUND(AB35-$G35,3)>0,ROUND(AB35-$G35,3),""),"") | ... AF36: =IFERROR(IF(ROUND(AF35-$G35,3)>0,ROUND(AF35-$G35,3),""),"") | AH36: VARIETIES PACK | AI36: VARIETIES PACK
D37: Short Order | H37: =IFERROR(IF(ROUND($G35-H35,3)>0,ROUND($G35-H35,3),""),"") | I37: =IFERROR(IF(ROUND($G35-I35,3)>0,ROUND($G35-I35,3),""),"") | J37: =IFERROR(IF(ROUND($G35-J35,3)>0,ROUND($G35-J35,3),""),"") | K37: =IFERROR(IF(ROUND($G35-K35,3)>0,ROUND($G35-K35,3),""),"") | L37: =IFERROR(IF(ROUND($G35-L35,3)>0,ROUND($G35-L35,3),""),"") | M37: =IFERROR(IF(ROUND($G35-M35,3)>0,ROUND($G35-M35,3),""),"") | N37: =IFERROR(IF(ROUND($G35-N35,3)>0,ROUND($G35-N35,3),""),"") | O37: =IFERROR(IF(ROUND($G35-O35,3)>0,ROUND($G35-O35,3),""),"") | ... S37: =IFERROR(IF(ROUND($G35-S35,3)>0,ROUND($G35-S35,3),""),"") | U37: =IFERROR(IF(ROUND($G35-U35,3)>0,ROUND($G35-U35,3),""),"") | V37: =IFERROR(IF(ROUND($G35-V35,3)>0,ROUND($G35-V35,3),""),"") | W37: =IFERROR(IF(ROUND($G35-W35,3)>0,ROUND($G35-W35,3),""),"") | X37: =IFERROR(IF(ROUND($G35-X35,3)>0,ROUND($G35-X35,3),""),"") | Y37: =IFERROR(IF(ROUND($G35-Y35,3)>0,ROUND($G35-Y35,3),""),"") | Z37: =IFERROR(IF(ROUND($G35-Z35,3)>0,ROUND($G35-Z35,3),""),"") | AA37: =IFERROR(IF(ROUND($G35-AA35,3)>0,ROUND($G35-AA35,3),""),"") | AB37: =IFERROR(IF(ROUND($G35-AB35,3)>0,ROUND($G35-AB35,3),""),"") | ... AF37: =IFERROR(IF(ROUND($G35-AF35,3)>0,ROUND($G35-AF35,3),""),"") | AH37: PERFECTA ENV | AI37: PERFECTA ENV
B38: EUROPE | C38: SC | D38: UNIVERSAL POT BAG | E38: 1 | F38: 0 | G38: =IFERROR(IF(OR($F38=0,VLOOKUP($D38,'MC MASTER'!$A:$R,18,0)=0),"-",ROUND(VLOOKUP($D38,'MC MASTER'!$A:$R,18,0)*$E38*$F38,3)),"-") | H38: =IFERROR(SUMIFS(WORKING!$Y:$Y,WORKING!$X:$X,$D38,WORKING!$W:$W,H$500),"") | I38: =IFERROR(SUMIFS(WORKING!$Y:$Y,WORKING!$X:$X,$D38,WORKING!$W:$W,I$500),"") | J38: =IFERROR(SUMIFS(WORKING!$Y:$Y,WORKING!$X:$X,$D38,WORKING!$W:$W,J$500),"") | K38: =IFERROR(SUMIFS(WORKING!$Y:$Y,WORKING!$X:$X,$D38,WORKING!$W:$W,K$500),"") | L38: =IFERROR(SUMIFS(WORKING!$Y:$Y,WORKING!$X:$X,$D38,WORKING!$W:$W,L$500),"") | M38: =IFERROR(SUMIFS(WORKING!$Y:$Y,WORKING!$X:$X,$D38,WORKING!$W:$W,M$500),"") | N38: =IFERROR(SUMIFS(WORKING!$Y:$Y,WORKING!$X:$X,$D38,WORKING!$W:$W,N$500),"") | O38: =IFERROR(SUMIFS(WORKING!$Y:$Y,WORKING!$X:$X,$D38,WORKING!$W:$W,O$500),"") | ... S38: =IFERROR(SUMIFS(WORKING!$Y:$Y,WORKING!$X:$X,$D38,WORKING!$W:$W,S$500),"") | U38: =IFERROR(SUMIFS(WORKING!$Z:$Z,WORKING!$X:$X,$D38,WORKING!$W:$W,H$500),"") | V38: =IFERROR(SUMIFS(WORKING!$Z:$Z,WORKING!$X:$X,$D38,WORKING!$W:$W,I$500),"") | W38: =IFERROR(SUMIFS(WORKING!$Z:$Z,WORKING!$X:$X,$D38,WORKING!$W:$W,J$500),"") | X38: =IFERROR(SUMIFS(WORKING!$Z:$Z,WORKING!$X:$X,$D38,WORKING!$W:$W,K$500),"") | Y38: =IFERROR(SUMIFS(WORKING!$Z:$Z,WORKING!$X:$X,$D38,WORKING!$W:$W,L$500),"") | Z38: =IFERROR(SUMIFS(WORKING!$Z:$Z,WORKING!$X:$X,$D38,WORKING!$W:$W,M$500),"") | AA38: =IFERROR(SUMIFS(WORKING!$Z:$Z,WORKING!$X:$X,$D38,WORKING!$W:$W,N$500),"") | AB38: =IFERROR(SUMIFS(WORKING!$Z:$Z,WORKING!$X:$X,$D38,WORKING!$W:$W,O$500),"") | ... AF38: =IFERROR(SUMIFS(WORKING!$Z:$Z,WORKING!$X:$X,$D38,WORKING!$W:$W,S$500),"") | AH38: CONSTANTA TAG D | AI38: CONSTANTA TAG
D39: UNIVERSAL TWIN BAG | E39: 1 | F39: 1 | G39: =IFERROR(IF(OR($F39=0,VLOOKUP($D39,'MC MASTER'!$A:$R,18,0)=0),"-",ROUND(VLOOKUP($D39,'MC MASTER'!$A:$R,18,0)*$E39*$F39,3)),"-") | H39: =IFERROR(SUMIFS(WORKING!$Y:$Y,WORKING!$X:$X,$D39,WORKING!$W:$W,H$500),"") | I39: =IFERROR(SUMIFS(WORKING!$Y:$Y,WORKING!$X:$X,$D39,WORKING!$W:$W,I$500),"") | J39: =IFERROR(SUMIFS(WORKING!$Y:$Y,WORKING!$X:$X,$D39,WORKING!$W:$W,J$500),"") | K39: =IFERROR(SUMIFS(WORKING!$Y:$Y,WORKING!$X:$X,$D39,WORKING!$W:$W,K$500),"") | L39: =IFERROR(SUMIFS(WORKING!$Y:$Y,WORKING!$X:$X,$D39,WORKING!$W:$W,L$500),"") | M39: =IFERROR(SUMIFS(WORKING!$Y:$Y,WORKING!$X:$X,$D39,WORKING!$W:$W,M$500),"") | N39: =IFERROR(SUMIFS(WORKING!$Y:$Y,WORKING!$X:$X,$D39,WORKING!$W:$W,N$500),"") | O39: =IFERROR(SUMIFS(WORKING!$Y:$Y,WORKING!$X:$X,$D39,WORKING!$W:$W,O$500),"") | ... S39: =IFERROR(SUMIFS(WORKING!$Y:$Y,WORKING!$X:$X,$D39,WORKING!$W:$W,S$500),"") | U39: =IFERROR(SUMIFS(WORKING!$Z:$Z,WORKING!$X:$X,$D39,WORKING!$W:$W,H$500),"") | V39: =IFERROR(SUMIFS(WORKING!$Z:$Z,WORKING!$X:$X,$D39,WORKING!$W:$W,I$500),"") | W39: =IFERROR(SUMIFS(WORKING!$Z:$Z,WORKING!$X:$X,$D39,WORKING!$W:$W,J$500),"") | X39: =IFERROR(SUMIFS(WORKING!$Z:$Z,WORKING!$X:$X,$D39,WORKING!$W:$W,K$500),"") | Y39: =IFERROR(SUMIFS(WORKING!$Z:$Z,WORKING!$X:$X,$D39,WORKING!$W:$W,L$500),"") | Z39: =IFERROR(SUMIFS(WORKING!$Z:$Z,WORKING!$X:$X,$D39,WORKING!$W:$W,M$500),"") | AA39: =IFERROR(SUMIFS(WORKING!$Z:$Z,WORKING!$X:$X,$D39,WORKING!$W:$W,N$500),"") | AB39: =IFERROR(SUMIFS(WORKING!$Z:$Z,WORKING!$X:$X,$D39,WORKING!$W:$W,O$500),"") | ... AF39: =IFERROR(SUMIFS(WORKING!$Z:$Z,WORKING!$X:$X,$D39,WORKING!$W:$W,S$500),"") | AH39: MD 20 4GM | AI39: MD20 4GM TAG
D40: TOTAL | G40: =SUM(G38:G39) | H40: =SUM(H38:H39) | I40: =SUM(I38:I39) | J40: =SUM(J38:J39) | K40: =SUM(K38:K39) | L40: =SUM(L38:L39) | M40: =SUM(M38:M39) | N40: =SUM(N38:N39) | ... S40: =SUM(S38:S39) | U40: =SUM(U38:U39) | V40: =SUM(V38:V39) | W40: =SUM(W38:W39) | X40: =SUM(X38:X39) | Y40: =SUM(Y38:Y39) | Z40: =SUM(Z38:Z39) | AA40: =SUM(AA38:AA39) | AB40: =SUM(AB38:AB39) | ... AF40: =SUM(AF38:AF39) | AH40: Pearl Pack Premix | AI40: PEARL PACK-PREMIX
D41: Excess Order | H41: =IFERROR(IF(ROUND(H40-$G40,3)>0,ROUND(H40-$G40,3),""),"") | I41: =IFERROR(IF(ROUND(I40-$G40,3)>0,ROUND(I40-$G40,3),""),"") | J41: =IFERROR(IF(ROUND(J40-$G40,3)>0,ROUND(J40-$G40,3),""),"") | K41: =IFERROR(IF(ROUND(K40-$G40,3)>0,ROUND(K40-$G40,3),""),"") | L41: =IFERROR(IF(ROUND(L40-$G40,3)>0,ROUND(L40-$G40,3),""),"") | M41: =IFERROR(IF(ROUND(M40-$G40,3)>0,ROUND(M40-$G40,3),""),"") | N41: =IFERROR(IF(ROUND(N40-$G40,3)>0,ROUND(N40-$G40,3),""),"") | O41: =IFERROR(IF(ROUND(O40-$G40,3)>0,ROUND(O40-$G40,3),""),"") | ... S41: =IFERROR(IF(ROUND(S40-$G40,3)>0,ROUND(S40-$G40,3),""),"") | U41: =IFERROR(IF(ROUND(U40-$G40,3)>0,ROUND(U40-$G40,3),""),"") | V41: =IFERROR(IF(ROUND(V40-$G40,3)>0,ROUND(V40-$G40,3),""),"") | W41: =IFERROR(IF(ROUND(W40-$G40,3)>0,ROUND(W40-$G40,3),""),"") | X41: =IFERROR(IF(ROUND(X40-$G40,3)>0,ROUND(X40-$G40,3),""),"") | Y41: =IFERROR(IF(ROUND(Y40-$G40,3)>0,ROUND(Y40-$G40,3),""),"") | Z41: =IFERROR(IF(ROUND(Z40-$G40,3)>0,ROUND(Z40-$G40,3),""),"") | AA41: =IFERROR(IF(ROUND(AA40-$G40,3)>0,ROUND(AA40-$G40,3),""),"") | AB41: =IFERROR(IF(ROUND(AB40-$G40,3)>0,ROUND(AB40-$G40,3),""),"") | ... AF41: =IFERROR(IF(ROUND(AF40-$G40,3)>0,ROUND(AF40-$G40,3),""),"")
D42: Short Order | H42: =IFERROR(IF(ROUND($G40-H40,3)>0,ROUND($G40-H40,3),""),"") | I42: =IFERROR(IF(ROUND($G40-I40,3)>0,ROUND($G40-I40,3),""),"") | J42: =IFERROR(IF(ROUND($G40-J40,3)>0,ROUND($G40-J40,3),""),"") | K42: =IFERROR(IF(ROUND($G40-K40,3)>0,ROUND($G40-K40,3),""),"") | L42: =IFERROR(IF(ROUND($G40-L40,3)>0,ROUND($G40-L40,3),""),"") | M42: =IFERROR(IF(ROUND($G40-M40,3)>0,ROUND($G40-M40,3),""),"") | N42: =IFERROR(IF(ROUND($G40-N40,3)>0,ROUND($G40-N40,3),""),"") | O42: =IFERROR(IF(ROUND($G40-O40,3)>0,ROUND($G40-O40,3),""),"") | ... S42: =IFERROR(IF(ROUND($G40-S40,3)>0,ROUND($G40-S40,3),""),"") | U42: =IFERROR(IF(ROUND($G40-U40,3)>0,ROUND($G40-U40,3),""),"") | V42: =IFERROR(IF(ROUND($G40-V40,3)>0,ROUND($G40-V40,3),""),"") | W42: =IFERROR(IF(ROUND($G40-W40,3)>0,ROUND($G40-W40,3),""),"") | X42: =IFERROR(IF(ROUND($G40-X40,3)>0,ROUND($G40-X40,3),""),"") | Y42: =IFERROR(IF(ROUND($G40-Y40,3)>0,ROUND($G40-Y40,3),""),"") | Z42: =IFERROR(IF(ROUND($G40-Z40,3)>0,ROUND($G40-Z40,3),""),"") | AA42: =IFERROR(IF(ROUND($G40-AA40,3)>0,ROUND($G40-AA40,3),""),"") | AB42: =IFERROR(IF(ROUND($G40-AB40,3)>0,ROUND($G40-AB40,3),""),"") | ... AF42: =IFERROR(IF(ROUND($G40-AF40,3)>0,ROUND($G40-AF40,3),""),"")
B43: USA | C43: TREE HOUSE | D43: BREW MAGIC | E43: 1 | F43: 1 | G43: =IFERROR(IF(OR($F43=0,VLOOKUP($D43,'MC MASTER'!$A:$R,18,0)=0),"-",ROUND(VLOOKUP($D43,'MC MASTER'!$A:$R,18,0)*$E43*$F43,3)),"-") | H43: =IFERROR(SUMIFS(WORKING!$Y:$Y,WORKING!$X:$X,$D43,WORKING!$W:$W,H$500),"") | I43: =IFERROR(SUMIFS(WORKING!$Y:$Y,WORKING!$X:$X,$D43,WORKING!$W:$W,I$500),"") | J43: =IFERROR(SUMIFS(WORKING!$Y:$Y,WORKING!$X:$X,$D43,WORKING!$W:$W,J$500),"") | K43: =IFERROR(SUMIFS(WORKING!$Y:$Y,WORKING!$X:$X,$D43,WORKING!$W:$W,K$500),"") | L43: =IFERROR(SUMIFS(WORKING!$Y:$Y,WORKING!$X:$X,$D43,WORKING!$W:$W,L$500),"") | M43: =IFERROR(SUMIFS(WORKING!$Y:$Y,WORKING!$X:$X,$D43,WORKING!$W:$W,M$500),"") | N43: =IFERROR(SUMIFS(WORKING!$Y:$Y,WORKING!$X:$X,$D43,WORKING!$W:$W,N$500),"") | O43: =IFERROR(SUMIFS(WORKING!$Y:$Y,WORKING!$X:$X,$D43,WORKING!$W:$W,O$500),"") | ... S43: =IFERROR(SUMIFS(WORKING!$Y:$Y,WORKING!$X:$X,$D43,WORKING!$W:$W,S$500),"") | U43: =IFERROR(SUMIFS(WORKING!$Z:$Z,WORKING!$X:$X,$D43,WORKING!$W:$W,H$500),"") | V43: =IFERROR(SUMIFS(WORKING!$Z:$Z,WORKING!$X:$X,$D43,WORKING!$W:$W,I$500),"") | W43: =IFERROR(SUMIFS(WORKING!$Z:$Z,WORKING!$X:$X,$D43,WORKING!$W:$W,J$500),"") | X43: =IFERROR(SUMIFS(WORKING!$Z:$Z,WORKING!$X:$X,$D43,WORKING!$W:$W,K$500),"") | Y43: =IFERROR(SUMIFS(WORKING!$Z:$Z,WORKING!$X:$X,$D43,WORKING!$W:$W,L$500),"") | Z43: =IFERROR(SUMIFS(WORKING!$Z:$Z,WORKING!$X:$X,$D43,WORKING!$W:$W,M$500),"") | AA43: =IFERROR(SUMIFS(WORKING!$Z:$Z,WORKING!$X:$X,$D43,WORKING!$W:$W,N$500),"") | AB43: =IFERROR(SUMIFS(WORKING!$Z:$Z,WORKING!$X:$X,$D43,WORKING!$W:$W,O$500),"") | ... AF43: =IFERROR(SUMIFS(WORKING!$Z:$Z,WORKING!$X:$X,$D43,WORKING!$W:$W,S$500),"")
D44: MAISA ENV | E44: 2 | F44: 1 | G44: =IFERROR(IF(OR($F44=0,VLOOKUP($D44,'MC MASTER'!$A:$R,18,0)=0),"-",ROUND(VLOOKUP($D44,'MC MASTER'!$A:$R,18,0)*$E44*$F44,3)),"-") | H44: =IFERROR(SUMIFS(WORKING!$Y:$Y,WORKING!$X:$X,$D44,WORKING!$W:$W,H$500),"") | I44: =IFERROR(SUMIFS(WORKING!$Y:$Y,WORKING!$X:$X,$D44,WORKING!$W:$W,I$500),"") | J44: =IFERROR(SUMIFS(WORKING!$Y:$Y,WORKING!$X:$X,$D44,WORKING!$W:$W,J$500),"") | K44: =IFERROR(SUMIFS(WORKING!$Y:$Y,WORKING!$X:$X,$D44,WORKING!$W:$W,K$500),"") | L44: =IFERROR(SUMIFS(WORKING!$Y:$Y,WORKING!$X:$X,$D44,WORKING!$W:$W,L$500),"") | M44: =IFERROR(SUMIFS(WORKING!$Y:$Y,WORKING!$X:$X,$D44,WORKING!$W:$W,M$500),"") | N44: =IFERROR(SUMIFS(WORKING!$Y:$Y,WORKING!$X:$X,$D44,WORKING!$W:$W,N$500),"") | O44: =IFERROR(SUMIFS(WORKING!$Y:$Y,WORKING!$X:$X,$D44,WORKING!$W:$W,O$500),"") | ... S44: =IFERROR(SUMIFS(WORKING!$Y:$Y,WORKING!$X:$X,$D44,WORKING!$W:$W,S$500),"") | U44: =IFERROR(SUMIFS(WORKING!$Z:$Z,WORKING!$X:$X,$D44,WORKING!$W:$W,H$500),"") | V44: =IFERROR(SUMIFS(WORKING!$Z:$Z,WORKING!$X:$X,$D44,WORKING!$W:$W,I$500),"") | W44: =IFERROR(SUMIFS(WORKING!$Z:$Z,WORKING!$X:$X,$D44,WORKING!$W:$W,J$500),"") | X44: =IFERROR(SUMIFS(WORKING!$Z:$Z,WORKING!$X:$X,$D44,WORKING!$W:$W,K$500),"") | Y44: =IFERROR(SUMIFS(WORKING!$Z:$Z,WORKING!$X:$X,$D44,WORKING!$W:$W,L$500),"") | Z44: =IFERROR(SUMIFS(WORKING!$Z:$Z,WORKING!$X:$X,$D44,WORKING!$W:$W,M$500),"") | AA44: =IFERROR(SUMIFS(WORKING!$Z:$Z,WORKING!$X:$X,$D44,WORKING!$W:$W,N$500),"") | AB44: =IFERROR(SUMIFS(WORKING!$Z:$Z,WORKING!$X:$X,$D44,WORKING!$W:$W,O$500),"") | ... AF44: =IFERROR(SUMIFS(WORKING!$Z:$Z,WORKING!$X:$X,$D44,WORKING!$W:$W,S$500),"")
D45: TOTAL | G45: =SUM(G43:G44) | H45: =SUM(H43:H44) | I45: =SUM(I43:I44) | J45: =SUM(J43:J44) | K45: =SUM(K43:K44) | L45: =SUM(L43:L44) | M45: =SUM(M43:M44) | N45: =SUM(N43:N44) | ... S45: =SUM(S43:S44) | U45: =SUM(U43:U44) | V45: =SUM(V43:V44) | W45: =SUM(W43:W44) | X45: =SUM(X43:X44) | Y45: =SUM(Y43:Y44) | Z45: =SUM(Z43:Z44) | AA45: =SUM(AA43:AA44) | AB45: =SUM(AB43:AB44) | ... AF45: =SUM(AF43:AF44)
D46: Excess Order | H46: =IFERROR(IF(ROUND(H45-$G45,3)>0,ROUND(H45-$G45,3),""),"") | I46: =IFERROR(IF(ROUND(I45-$G45,3)>0,ROUND(I45-$G45,3),""),"") | J46: =IFERROR(IF(ROUND(J45-$G45,3)>0,ROUND(J45-$G45,3),""),"") | K46: =IFERROR(IF(ROUND(K45-$G45,3)>0,ROUND(K45-$G45,3),""),"") | L46: =IFERROR(IF(ROUND(L45-$G45,3)>0,ROUND(L45-$G45,3),""),"") | M46: =IFERROR(IF(ROUND(M45-$G45,3)>0,ROUND(M45-$G45,3),""),"") | N46: =IFERROR(IF(ROUND(N45-$G45,3)>0,ROUND(N45-$G45,3),""),"") | O46: =IFERROR(IF(ROUND(O45-$G45,3)>0,ROUND(O45-$G45,3),""),"") | ... S46: =IFERROR(IF(ROUND(S45-$G45,3)>0,ROUND(S45-$G45,3),""),"") | U46: =IFERROR(IF(ROUND(U45-$G45,3)>0,ROUND(U45-$G45,3),""),"") | V46: =IFERROR(IF(ROUND(V45-$G45,3)>0,ROUND(V45-$G45,3),""),"") | W46: =IFERROR(IF(ROUND(W45-$G45,3)>0,ROUND(W45-$G45,3),""),"") | X46: =IFERROR(IF(ROUND(X45-$G45,3)>0,ROUND(X45-$G45,3),""),"") | Y46: =IFERROR(IF(ROUND(Y45-$G45,3)>0,ROUND(Y45-$G45,3),""),"") | Z46: =IFERROR(IF(ROUND(Z45-$G45,3)>0,ROUND(Z45-$G45,3),""),"") | AA46: =IFERROR(IF(ROUND(AA45-$G45,3)>0,ROUND(AA45-$G45,3),""),"") | AB46: =IFERROR(IF(ROUND(AB45-$G45,3)>0,ROUND(AB45-$G45,3),""),"") | ... AF46: =IFERROR(IF(ROUND(AF45-$G45,3)>0,ROUND(AF45-$G45,3),""),"")
D47: Short Order | H47: =IFERROR(IF(ROUND($G45-H45,3)>0,ROUND($G45-H45,3),""),"") | I47: =IFERROR(IF(ROUND($G45-I45,3)>0,ROUND($G45-I45,3),""),"") | J47: =IFERROR(IF(ROUND($G45-J45,3)>0,ROUND($G45-J45,3),""),"") | K47: =IFERROR(IF(ROUND($G45-K45,3)>0,ROUND($G45-K45,3),""),"") | L47: =IFERROR(IF(ROUND($G45-L45,3)>0,ROUND($G45-L45,3),""),"") | M47: =IFERROR(IF(ROUND($G45-M45,3)>0,ROUND($G45-M45,3),""),"") | N47: =IFERROR(IF(ROUND($G45-N45,3)>0,ROUND($G45-N45,3),""),"") | O47: =IFERROR(IF(ROUND($G45-O45,3)>0,ROUND($G45-O45,3),""),"") | ... S47: =IFERROR(IF(ROUND($G45-S45,3)>0,ROUND($G45-S45,3),""),"") | U47: =IFERROR(IF(ROUND($G45-U45,3)>0,ROUND($G45-U45,3),""),"") | V47: =IFERROR(IF(ROUND($G45-V45,3)>0,ROUND($G45-V45,3),""),"") | W47: =IFERROR(IF(ROUND($G45-W45,3)>0,ROUND($G45-W45,3),""),"") | X47: =IFERROR(IF(ROUND($G45-X45,3)>0,ROUND($G45-X45,3),""),"") | Y47: =IFERROR(IF(ROUND($G45-Y45,3)>0,ROUND($G45-Y45,3),""),"") | Z47: =IFERROR(IF(ROUND($G45-Z45,3)>0,ROUND($G45-Z45,3),""),"") | AA47: =IFERROR(IF(ROUND($G45-AA45,3)>0,ROUND($G45-AA45,3),""),"") | AB47: =IFERROR(IF(ROUND($G45-AB45,3)>0,ROUND($G45-AB45,3),""),"") | ... AF47: =IFERROR(IF(ROUND($G45-AF45,3)>0,ROUND($G45-AF45,3),""),"")
A48: Zone 3 | B48: AFRICA | C48: PREMIX | D48: INSTANT COFFEE STICK PACK | E48: 1 | F48: 1 | G48: =IFERROR(IF(OR($F48=0,VLOOKUP($D48,'MC MASTER'!$A:$R,18,0)=0),"-",ROUND(VLOOKUP($D48,'MC MASTER'!$A:$R,18,0)*$E48*$F48,3)),"-") | H48: =IFERROR(SUMIFS(WORKING!$Y:$Y,WORKING!$X:$X,$D48,WORKING!$W:$W,H$500),"") | I48: =IFERROR(SUMIFS(WORKING!$Y:$Y,WORKING!$X:$X,$D48,WORKING!$W:$W,I$500),"") | J48: =IFERROR(SUMIFS(WORKING!$Y:$Y,WORKING!$X:$X,$D48,WORKING!$W:$W,J$500),"") | K48: =IFERROR(SUMIFS(WORKING!$Y:$Y,WORKING!$X:$X,$D48,WORKING!$W:$W,K$500),"") | L48: =IFERROR(SUMIFS(WORKING!$Y:$Y,WORKING!$X:$X,$D48,WORKING!$W:$W,L$500),"") | M48: =IFERROR(SUMIFS(WORKING!$Y:$Y,WORKING!$X:$X,$D48,WORKING!$W:$W,M$500),"") | N48: =IFERROR(SUMIFS(WORKING!$Y:$Y,WORKING!$X:$X,$D48,WORKING!$W:$W,N$500),"") | O48: =IFERROR(SUMIFS(WORKING!$Y:$Y,WORKING!$X:$X,$D48,WORKING!$W:$W,O$500),"") | ... S48: =IFERROR(SUMIFS(WORKING!$Y:$Y,WORKING!$X:$X,$D48,WORKING!$W:$W,S$500),"") | U48: =IFERROR(SUMIFS(WORKING!$Z:$Z,WORKING!$X:$X,$D48,WORKING!$W:$W,H$500),"") | V48: =IFERROR(SUMIFS(WORKING!$Z:$Z,WORKING!$X:$X,$D48,WORKING!$W:$W,I$500),"") | W48: =IFERROR(SUMIFS(WORKING!$Z:$Z,WORKING!$X:$X,$D48,WORKING!$W:$W,J$500),"") | X48: =IFERROR(SUMIFS(WORKING!$Z:$Z,WORKING!$X:$X,$D48,WORKING!$W:$W,K$500),"") | Y48: =IFERROR(SUMIFS(WORKING!$Z:$Z,WORKING!$X:$X,$D48,WORKING!$W:$W,L$500),"") | Z48: =IFERROR(SUMIFS(WORKING!$Z:$Z,WORKING!$X:$X,$D48,WORKING!$W:$W,M$500),"") | AA48: =IFERROR(SUMIFS(WORKING!$Z:$Z,WORKING!$X:$X,$D48,WORKING!$W:$W,N$500),"") | AB48: =IFERROR(SUMIFS(WORKING!$Z:$Z,WORKING!$X:$X,$D48,WORKING!$W:$W,O$500),"") | ... AF48: =IFERROR(SUMIFS(WORKING!$Z:$Z,WORKING!$X:$X,$D48,WORKING!$W:$W,S$500),"")
D49: PEARL PACK-PREMIX | E49: 1 | F49: 1 | G49: =IFERROR(IF(OR($F49=0,VLOOKUP($D49,'MC MASTER'!$A:$R,18,0)=0),"-",ROUND(VLOOKUP($D49,'MC MASTER'!$A:$R,18,0)*$E49*$F49,3)),"-") | H49: =IFERROR(SUMIFS(WORKING!$Y:$Y,WORKING!$X:$X,$D49,WORKING!$W:$W,H$500),"") | I49: =IFERROR(SUMIFS(WORKING!$Y:$Y,WORKING!$X:$X,$D49,WORKING!$W:$W,I$500),"") | J49: =IFERROR(SUMIFS(WORKING!$Y:$Y,WORKING!$X:$X,$D49,WORKING!$W:$W,J$500),"") | K49: =IFERROR(SUMIFS(WORKING!$Y:$Y,WORKING!$X:$X,$D49,WORKING!$W:$W,K$500),"") | L49: =IFERROR(SUMIFS(WORKING!$Y:$Y,WORKING!$X:$X,$D49,WORKING!$W:$W,L$500),"") | M49: =IFERROR(SUMIFS(WORKING!$Y:$Y,WORKING!$X:$X,$D49,WORKING!$W:$W,M$500),"") | N49: =IFERROR(SUMIFS(WORKING!$Y:$Y,WORKING!$X:$X,$D49,WORKING!$W:$W,N$500),"") | O49: =IFERROR(SUMIFS(WORKING!$Y:$Y,WORKING!$X:$X,$D49,WORKING!$W:$W,O$500),"") | ... S49: =IFERROR(SUMIFS(WORKING!$Y:$Y,WORKING!$X:$X,$D49,WORKING!$W:$W,S$500),"") | U49: =IFERROR(SUMIFS(WORKING!$Z:$Z,WORKING!$X:$X,$D49,WORKING!$W:$W,H$500),"") | V49: =IFERROR(SUMIFS(WORKING!$Z:$Z,WORKING!$X:$X,$D49,WORKING!$W:$W,I$500),"") | W49: =IFERROR(SUMIFS(WORKING!$Z:$Z,WORKING!$X:$X,$D49,WORKING!$W:$W,J$500),"") | X49: =IFERROR(SUMIFS(WORKING!$Z:$Z,WORKING!$X:$X,$D49,WORKING!$W:$W,K$500),"") | Y49: =IFERROR(SUMIFS(WORKING!$Z:$Z,WORKING!$X:$X,$D49,WORKING!$W:$W,L$500),"") | Z49: =IFERROR(SUMIFS(WORKING!$Z:$Z,WORKING!$X:$X,$D49,WORKING!$W:$W,M$500),"") | AA49: =IFERROR(SUMIFS(WORKING!$Z:$Z,WORKING!$X:$X,$D49,WORKING!$W:$W,N$500),"") | AB49: =IFERROR(SUMIFS(WORKING!$Z:$Z,WORKING!$X:$X,$D49,WORKING!$W:$W,O$500),"") | ... AF49: =IFERROR(SUMIFS(WORKING!$Z:$Z,WORKING!$X:$X,$D49,WORKING!$W:$W,S$500),"")
D50: PEARL PACK-PREMIX - cappuccino | E50: 2 | F50: 1 | G50: =IFERROR(IF(OR($F50=0,VLOOKUP($D50,'MC MASTER'!$A:$R,18,0)=0),"-",ROUND(VLOOKUP($D50,'MC MASTER'!$A:$R,18,0)*$E50*$F50,3)),"-") | H50: =IFERROR(SUMIFS(WORKING!$Y:$Y,WORKING!$X:$X,$D50,WORKING!$W:$W,H$500),"") | I50: =IFERROR(SUMIFS(WORKING!$Y:$Y,WORKING!$X:$X,$D50,WORKING!$W:$W,I$500),"") | J50: =IFERROR(SUMIFS(WORKING!$Y:$Y,WORKING!$X:$X,$D50,WORKING!$W:$W,J$500),"") | K50: =IFERROR(SUMIFS(WORKING!$Y:$Y,WORKING!$X:$X,$D50,WORKING!$W:$W,K$500),"") | L50: =IFERROR(SUMIFS(WORKING!$Y:$Y,WORKING!$X:$X,$D50,WORKING!$W:$W,L$500),"") | M50: =IFERROR(SUMIFS(WORKING!$Y:$Y,WORKING!$X:$X,$D50,WORKING!$W:$W,M$500),"") | N50: =IFERROR(SUMIFS(WORKING!$Y:$Y,WORKING!$X:$X,$D50,WORKING!$W:$W,N$500),"") | O50: =IFERROR(SUMIFS(WORKING!$Y:$Y,WORKING!$X:$X,$D50,WORKING!$W:$W,O$500),"") | ... S50: =IFERROR(SUMIFS(WORKING!$Y:$Y,WORKING!$X:$X,$D50,WORKING!$W:$W,S$500),"") | U50: =IFERROR(SUMIFS(WORKING!$Z:$Z,WORKING!$X:$X,$D50,WORKING!$W:$W,H$500),"") | V50: =IFERROR(SUMIFS(WORKING!$Z:$Z,WORKING!$X:$X,$D50,WORKING!$W:$W,I$500),"") | W50: =IFERROR(SUMIFS(WORKING!$Z:$Z,WORKING!$X:$X,$D50,WORKING!$W:$W,J$500),"") | X50: =IFERROR(SUMIFS(WORKING!$Z:$Z,WORKING!$X:$X,$D50,WORKING!$W:$W,K$500),"") | Y50: =IFERROR(SUMIFS(WORKING!$Z:$Z,WORKING!$X:$X,$D50,WORKING!$W:$W,L$500),"") | Z50: =IFERROR(SUMIFS(WORKING!$Z:$Z,WORKING!$X:$X,$D50,WORKING!$W:$W,M$500),"") | AA50: =IFERROR(SUMIFS(WORKING!$Z:$Z,WORKING!$X:$X,$D50,WORKING!$W:$W,N$500),"") | AB50: =IFERROR(SUMIFS(WORKING!$Z:$Z,WORKING!$X:$X,$D50,WORKING!$W:$W,O$500),"") | ... AF50: =IFERROR(SUMIFS(WORKING!$Z:$Z,WORKING!$X:$X,$D50,WORKING!$W:$W,S$500),"")
D51: TOTAL | G51: =SUM(G48:G50) | H51: =SUM(H48:H50) | I51: =SUM(I48:I50) | J51: =SUM(J48:J50) | K51: =SUM(K48:K50) | L51: =SUM(L48:L50) | M51: =SUM(M48:M50) | N51: =SUM(N48:N50) | ... S51: =SUM(S48:S50) | U51: =SUM(U48:U50) | V51: =SUM(V48:V50) | W51: =SUM(W48:W50) | X51: =SUM(X48:X50) | Y51: =SUM(Y48:Y50) | Z51: =SUM(Z48:Z50) | AA51: =SUM(AA48:AA50) | AB51: =SUM(AB48:AB50) | ... AF51: =SUM(AF48:AF50)
D52: Excess Order | H52: =IFERROR(IF(ROUND(H51-$G51,3)>0,ROUND(H51-$G51,3),""),"") | I52: =IFERROR(IF(ROUND(I51-$G51,3)>0,ROUND(I51-$G51,3),""),"") | J52: =IFERROR(IF(ROUND(J51-$G51,3)>0,ROUND(J51-$G51,3),""),"") | K52: =IFERROR(IF(ROUND(K51-$G51,3)>0,ROUND(K51-$G51,3),""),"") | L52: =IFERROR(IF(ROUND(L51-$G51,3)>0,ROUND(L51-$G51,3),""),"") | M52: =IFERROR(IF(ROUND(M51-$G51,3)>0,ROUND(M51-$G51,3),""),"") | N52: =IFERROR(IF(ROUND(N51-$G51,3)>0,ROUND(N51-$G51,3),""),"") | O52: =IFERROR(IF(ROUND(O51-$G51,3)>0,ROUND(O51-$G51,3),""),"") | ... S52: =IFERROR(IF(ROUND(S51-$G51,3)>0,ROUND(S51-$G51,3),""),"") | U52: =IFERROR(IF(ROUND(U51-$G51,3)>0,ROUND(U51-$G51,3),""),"") | V52: =IFERROR(IF(ROUND(V51-$G51,3)>0,ROUND(V51-$G51,3),""),"") | W52: =IFERROR(IF(ROUND(W51-$G51,3)>0,ROUND(W51-$G51,3),""),"") | X52: =IFERROR(IF(ROUND(X51-$G51,3)>0,ROUND(X51-$G51,3),""),"") | Y52: =IFERROR(IF(ROUND(Y51-$G51,3)>0,ROUND(Y51-$G51,3),""),"") | Z52: =IFERROR(IF(ROUND(Z51-$G51,3)>0,ROUND(Z51-$G51,3),""),"") | AA52: =IFERROR(IF(ROUND(AA51-$G51,3)>0,ROUND(AA51-$G51,3),""),"") | AB52: =IFERROR(IF(ROUND(AB51-$G51,3)>0,ROUND(AB51-$G51,3),""),"") | ... AF52: =IFERROR(IF(ROUND(AF51-$G51,3)>0,ROUND(AF51-$G51,3),""),"")
D53: Short Order | H53: =IFERROR(IF(ROUND($G51-H51,3)>0,ROUND($G51-H51,3),""),"") | I53: =IFERROR(IF(ROUND($G51-I51,3)>0,ROUND($G51-I51,3),""),"") | J53: =IFERROR(IF(ROUND($G51-J51,3)>0,ROUND($G51-J51,3),""),"") | K53: =IFERROR(IF(ROUND($G51-K51,3)>0,ROUND($G51-K51,3),""),"") | L53: =IFERROR(IF(ROUND($G51-L51,3)>0,ROUND($G51-L51,3),""),"") | M53: =IFERROR(IF(ROUND($G51-M51,3)>0,ROUND($G51-M51,3),""),"") | N53: =IFERROR(IF(ROUND($G51-N51,3)>0,ROUND($G51-N51,3),""),"") | O53: =IFERROR(IF(ROUND($G51-O51,3)>0,ROUND($G51-O51,3),""),"") | ... S53: =IFERROR(IF(ROUND($G51-S51,3)>0,ROUND($G51-S51,3),""),"") | U53: =IFERROR(IF(ROUND($G51-U51,3)>0,ROUND($G51-U51,3),""),"") | V53: =IFERROR(IF(ROUND($G51-V51,3)>0,ROUND($G51-V51,3),""),"") | W53: =IFERROR(IF(ROUND($G51-W51,3)>0,ROUND($G51-W51,3),""),"") | X53: =IFERROR(IF(ROUND($G51-X51,3)>0,ROUND($G51-X51,3),""),"") | Y53: =IFERROR(IF(ROUND($G51-Y51,3)>0,ROUND($G51-Y51,3),""),"") | Z53: =IFERROR(IF(ROUND($G51-Z51,3)>0,ROUND($G51-Z51,3),""),"") | AA53: =IFERROR(IF(ROUND($G51-AA51,3)>0,ROUND($G51-AA51,3),""),"") | AB53: =IFERROR(IF(ROUND($G51-AB51,3)>0,ROUND($G51-AB51,3),""),"") | ... AF53: =IFERROR(IF(ROUND($G51-AF51,3)>0,ROUND($G51-AF51,3),""),"")
B54: USA | C54: TREE HOUSE | D54: Instant Tea | E54: 1 | F54: 0 | G54: =IFERROR(IF(OR($F54=0,VLOOKUP($D54,'MC MASTER'!$A:$R,18,0)=0),"-",ROUND(VLOOKUP($D54,'MC MASTER'!$A:$R,18,0)*$E54*$F54,3)),"-") | H54: =IFERROR(SUMIFS(WORKING!$Y:$Y,WORKING!$X:$X,$D54,WORKING!$W:$W,H$500),"") | I54: =IFERROR(SUMIFS(WORKING!$Y:$Y,WORKING!$X:$X,$D54,WORKING!$W:$W,I$500),"") | J54: =IFERROR(SUMIFS(WORKING!$Y:$Y,WORKING!$X:$X,$D54,WORKING!$W:$W,J$500),"") | K54: =IFERROR(SUMIFS(WORKING!$Y:$Y,WORKING!$X:$X,$D54,WORKING!$W:$W,K$500),"") | L54: =IFERROR(SUMIFS(WORKING!$Y:$Y,WORKING!$X:$X,$D54,WORKING!$W:$W,L$500),"") | M54: =IFERROR(SUMIFS(WORKING!$Y:$Y,WORKING!$X:$X,$D54,WORKING!$W:$W,M$500),"") | N54: =IFERROR(SUMIFS(WORKING!$Y:$Y,WORKING!$X:$X,$D54,WORKING!$W:$W,N$500),"") | O54: =IFERROR(SUMIFS(WORKING!$Y:$Y,WORKING!$X:$X,$D54,WORKING!$W:$W,O$500),"") | ... S54: =IFERROR(SUMIFS(WORKING!$Y:$Y,WORKING!$X:$X,$D54,WORKING!$W:$W,S$500),"") | U54: =IFERROR(SUMIFS(WORKING!$Z:$Z,WORKING!$X:$X,$D54,WORKING!$W:$W,H$500),"") | V54: =IFERROR(SUMIFS(WORKING!$Z:$Z,WORKING!$X:$X,$D54,WORKING!$W:$W,I$500),"") | W54: =IFERROR(SUMIFS(WORKING!$Z:$Z,WORKING!$X:$X,$D54,WORKING!$W:$W,J$500),"") | X54: =IFERROR(SUMIFS(WORKING!$Z:$Z,WORKING!$X:$X,$D54,WORKING!$W:$W,K$500),"") | Y54: =IFERROR(SUMIFS(WORKING!$Z:$Z,WORKING!$X:$X,$D54,WORKING!$W:$W,L$500),"") | Z54: =IFERROR(SUMIFS(WORKING!$Z:$Z,WORKING!$X:$X,$D54,WORKING!$W:$W,M$500),"") | AA54: =IFERROR(SUMIFS(WORKING!$Z:$Z,WORKING!$X:$X,$D54,WORKING!$W:$W,N$500),"") | AB54: =IFERROR(SUMIFS(WORKING!$Z:$Z,WORKING!$X:$X,$D54,WORKING!$W:$W,O$500),"") | ... AF54: =IFERROR(SUMIFS(WORKING!$Z:$Z,WORKING!$X:$X,$D54,WORKING!$W:$W,S$500),"")
D55: VIKING-MULTITRACK | E55: 1 | F55: 0 | G55: =IFERROR(IF(OR($F55=0,VLOOKUP($D55,'MC MASTER'!$A:$R,18,0)=0),"-",ROUND(VLOOKUP($D55,'MC MASTER'!$A:$R,18,0)*$E55*$F55,3)),"-") | H55: =IFERROR(SUMIFS(WORKING!$Y:$Y,WORKING!$X:$X,$D55,WORKING!$W:$W,H$500),"") | I55: =IFERROR(SUMIFS(WORKING!$Y:$Y,WORKING!$X:$X,$D55,WORKING!$W:$W,I$500),"") | J55: =IFERROR(SUMIFS(WORKING!$Y:$Y,WORKING!$X:$X,$D55,WORKING!$W:$W,J$500),"") | K55: =IFERROR(SUMIFS(WORKING!$Y:$Y,WORKING!$X:$X,$D55,WORKING!$W:$W,K$500),"") | L55: =IFERROR(SUMIFS(WORKING!$Y:$Y,WORKING!$X:$X,$D55,WORKING!$W:$W,L$500),"") | M55: =IFERROR(SUMIFS(WORKING!$Y:$Y,WORKING!$X:$X,$D55,WORKING!$W:$W,M$500),"") | N55: =IFERROR(SUMIFS(WORKING!$Y:$Y,WORKING!$X:$X,$D55,WORKING!$W:$W,N$500),"") | O55: =IFERROR(SUMIFS(WORKING!$Y:$Y,WORKING!$X:$X,$D55,WORKING!$W:$W,O$500),"") | ... S55: =IFERROR(SUMIFS(WORKING!$Y:$Y,WORKING!$X:$X,$D55,WORKING!$W:$W,S$500),"") | U55: =IFERROR(SUMIFS(WORKING!$Z:$Z,WORKING!$X:$X,$D55,WORKING!$W:$W,H$500),"") | V55: =IFERROR(SUMIFS(WORKING!$Z:$Z,WORKING!$X:$X,$D55,WORKING!$W:$W,I$500),"") | W55: =IFERROR(SUMIFS(WORKING!$Z:$Z,WORKING!$X:$X,$D55,WORKING!$W:$W,J$500),"") | X55: =IFERROR(SUMIFS(WORKING!$Z:$Z,WORKING!$X:$X,$D55,WORKING!$W:$W,K$500),"") | Y55: =IFERROR(SUMIFS(WORKING!$Z:$Z,WORKING!$X:$X,$D55,WORKING!$W:$W,L$500),"") | Z55: =IFERROR(SUMIFS(WORKING!$Z:$Z,WORKING!$X:$X,$D55,WORKING!$W:$W,M$500),"") | AA55: =IFERROR(SUMIFS(WORKING!$Z:$Z,WORKING!$X:$X,$D55,WORKING!$W:$W,N$500),"") | AB55: =IFERROR(SUMIFS(WORKING!$Z:$Z,WORKING!$X:$X,$D55,WORKING!$W:$W,O$500),"") | ... AF55: =IFERROR(SUMIFS(WORKING!$Z:$Z,WORKING!$X:$X,$D55,WORKING!$W:$W,S$500),"")
D56: TOTAL | G56: =SUM(G54:G55) | H56: =SUM(H54:H55) | I56: =SUM(I54:I55) | J56: =SUM(J54:J55) | K56: =SUM(K54:K55) | L56: =SUM(L54:L55) | M56: =SUM(M54:M55) | N56: =SUM(N54:N55) | ... S56: =SUM(S54:S55) | U56: =SUM(U54:U55) | V56: =SUM(V54:V55) | W56: =SUM(W54:W55) | X56: =SUM(X54:X55) | Y56: =SUM(Y54:Y55) | Z56: =SUM(Z54:Z55) | AA56: =SUM(AA54:AA55) | AB56: =SUM(AB54:AB55) | ... AF56: =SUM(AF54:AF55)
D57: Excess Order | H57: =IFERROR(IF(ROUND(H56-$G56,3)>0,ROUND(H56-$G56,3),""),"") | I57: =IFERROR(IF(ROUND(I56-$G56,3)>0,ROUND(I56-$G56,3),""),"") | J57: =IFERROR(IF(ROUND(J56-$G56,3)>0,ROUND(J56-$G56,3),""),"") | K57: =IFERROR(IF(ROUND(K56-$G56,3)>0,ROUND(K56-$G56,3),""),"") | L57: =IFERROR(IF(ROUND(L56-$G56,3)>0,ROUND(L56-$G56,3),""),"") | M57: =IFERROR(IF(ROUND(M56-$G56,3)>0,ROUND(M56-$G56,3),""),"") | N57: =IFERROR(IF(ROUND(N56-$G56,3)>0,ROUND(N56-$G56,3),""),"") | O57: =IFERROR(IF(ROUND(O56-$G56,3)>0,ROUND(O56-$G56,3),""),"") | ... S57: =IFERROR(IF(ROUND(S56-$G56,3)>0,ROUND(S56-$G56,3),""),"") | U57: =IFERROR(IF(ROUND(U56-$G56,3)>0,ROUND(U56-$G56,3),""),"") | V57: =IFERROR(IF(ROUND(V56-$G56,3)>0,ROUND(V56-$G56,3),""),"") | W57: =IFERROR(IF(ROUND(W56-$G56,3)>0,ROUND(W56-$G56,3),""),"") | X57: =IFERROR(IF(ROUND(X56-$G56,3)>0,ROUND(X56-$G56,3),""),"") | Y57: =IFERROR(IF(ROUND(Y56-$G56,3)>0,ROUND(Y56-$G56,3),""),"") | Z57: =IFERROR(IF(ROUND(Z56-$G56,3)>0,ROUND(Z56-$G56,3),""),"") | AA57: =IFERROR(IF(ROUND(AA56-$G56,3)>0,ROUND(AA56-$G56,3),""),"") | AB57: =IFERROR(IF(ROUND(AB56-$G56,3)>0,ROUND(AB56-$G56,3),""),"") | ... AF57: =IFERROR(IF(ROUND(AF56-$G56,3)>0,ROUND(AF56-$G56,3),""),"")
D58: Short Order | H58: =IFERROR(IF(ROUND($G56-H56,3)>0,ROUND($G56-H56,3),""),"") | I58: =IFERROR(IF(ROUND($G56-I56,3)>0,ROUND($G56-I56,3),""),"") | J58: =IFERROR(IF(ROUND($G56-J56,3)>0,ROUND($G56-J56,3),""),"") | K58: =IFERROR(IF(ROUND($G56-K56,3)>0,ROUND($G56-K56,3),""),"") | L58: =IFERROR(IF(ROUND($G56-L56,3)>0,ROUND($G56-L56,3),""),"") | M58: =IFERROR(IF(ROUND($G56-M56,3)>0,ROUND($G56-M56,3),""),"") | N58: =IFERROR(IF(ROUND($G56-N56,3)>0,ROUND($G56-N56,3),""),"") | O58: =IFERROR(IF(ROUND($G56-O56,3)>0,ROUND($G56-O56,3),""),"") | ... S58: =IFERROR(IF(ROUND($G56-S56,3)>0,ROUND($G56-S56,3),""),"") | U58: =IFERROR(IF(ROUND($G56-U56,3)>0,ROUND($G56-U56,3),""),"") | V58: =IFERROR(IF(ROUND($G56-V56,3)>0,ROUND($G56-V56,3),""),"") | W58: =IFERROR(IF(ROUND($G56-W56,3)>0,ROUND($G56-W56,3),""),"") | X58: =IFERROR(IF(ROUND($G56-X56,3)>0,ROUND($G56-X56,3),""),"") | Y58: =IFERROR(IF(ROUND($G56-Y56,3)>0,ROUND($G56-Y56,3),""),"") | Z58: =IFERROR(IF(ROUND($G56-Z56,3)>0,ROUND($G56-Z56,3),""),"") | AA58: =IFERROR(IF(ROUND($G56-AA56,3)>0,ROUND($G56-AA56,3),""),"") | AB58: =IFERROR(IF(ROUND($G56-AB56,3)>0,ROUND($G56-AB56,3),""),"") | ... AF58: =IFERROR(IF(ROUND($G56-AF56,3)>0,ROUND($G56-AF56,3),""),"")
A59: Zone 4 | B59: INDIA | C59: HF Co | D59: Shubam-FFS POUCH | E59: 1 | F59: 1 | G59: =IFERROR(IF(OR($F59=0,VLOOKUP($D59,'MC MASTER'!$A:$R,18,0)=0),"-",ROUND(VLOOKUP($D59,'MC MASTER'!$A:$R,18,0)*$E59*$F59,3)),"-") | H59: =IFERROR(SUMIFS(WORKING!$Y:$Y,WORKING!$X:$X,$D59,WORKING!$W:$W,H$500),"") | I59: =IFERROR(SUMIFS(WORKING!$Y:$Y,WORKING!$X:$X,$D59,WORKING!$W:$W,I$500),"") | J59: =IFERROR(SUMIFS(WORKING!$Y:$Y,WORKING!$X:$X,$D59,WORKING!$W:$W,J$500),"") | K59: =IFERROR(SUMIFS(WORKING!$Y:$Y,WORKING!$X:$X,$D59,WORKING!$W:$W,K$500),"") | L59: =IFERROR(SUMIFS(WORKING!$Y:$Y,WORKING!$X:$X,$D59,WORKING!$W:$W,L$500),"") | M59: =IFERROR(SUMIFS(WORKING!$Y:$Y,WORKING!$X:$X,$D59,WORKING!$W:$W,M$500),"") | N59: =IFERROR(SUMIFS(WORKING!$Y:$Y,WORKING!$X:$X,$D59,WORKING!$W:$W,N$500),"") | O59: =IFERROR(SUMIFS(WORKING!$Y:$Y,WORKING!$X:$X,$D59,WORKING!$W:$W,O$500),"") | ... S59: =IFERROR(SUMIFS(WORKING!$Y:$Y,WORKING!$X:$X,$D59,WORKING!$W:$W,S$500),"") | U59: =IFERROR(SUMIFS(WORKING!$Z:$Z,WORKING!$X:$X,$D59,WORKING!$W:$W,H$500),"") | V59: =IFERROR(SUMIFS(WORKING!$Z:$Z,WORKING!$X:$X,$D59,WORKING!$W:$W,I$500),"") | W59: =IFERROR(SUMIFS(WORKING!$Z:$Z,WORKING!$X:$X,$D59,WORKING!$W:$W,J$500),"") | X59: =IFERROR(SUMIFS(WORKING!$Z:$Z,WORKING!$X:$X,$D59,WORKING!$W:$W,K$500),"") | Y59: =IFERROR(SUMIFS(WORKING!$Z:$Z,WORKING!$X:$X,$D59,WORKING!$W:$W,L$500),"") | Z59: =IFERROR(SUMIFS(WORKING!$Z:$Z,WORKING!$X:$X,$D59,WORKING!$W:$W,M$500),"") | AA59: =IFERROR(SUMIFS(WORKING!$Z:$Z,WORKING!$X:$X,$D59,WORKING!$W:$W,N$500),"") | AB59: =IFERROR(SUMIFS(WORKING!$Z:$Z,WORKING!$X:$X,$D59,WORKING!$W:$W,O$500),"") | ... AF59: =IFERROR(SUMIFS(WORKING!$Z:$Z,WORKING!$X:$X,$D59,WORKING!$W:$W,S$500),"")
D60: TOTAL | G60: =SUM(G59:G59) | H60: =SUM(H59:H59) | I60: =SUM(I59:I59) | J60: =SUM(J59:J59) | K60: =SUM(K59:K59) | L60: =SUM(L59:L59) | M60: =SUM(M59:M59) | N60: =SUM(N59:N59) | ... S60: =SUM(S59:S59) | U60: =SUM(U59:U59) | V60: =SUM(V59:V59) | W60: =SUM(W59:W59) | X60: =SUM(X59:X59) | Y60: =SUM(Y59:Y59) | Z60: =SUM(Z59:Z59) | AA60: =SUM(AA59:AA59) | AB60: =SUM(AB59:AB59) | ... AF60: =SUM(AF59:AF59)
D61: Excess Order | H61: =IFERROR(IF(ROUND(H60-$G60,3)>0,ROUND(H60-$G60,3),""),"") | I61: =IFERROR(IF(ROUND(I60-$G60,3)>0,ROUND(I60-$G60,3),""),"") | J61: =IFERROR(IF(ROUND(J60-$G60,3)>0,ROUND(J60-$G60,3),""),"") | K61: =IFERROR(IF(ROUND(K60-$G60,3)>0,ROUND(K60-$G60,3),""),"") | L61: =IFERROR(IF(ROUND(L60-$G60,3)>0,ROUND(L60-$G60,3),""),"") | M61: =IFERROR(IF(ROUND(M60-$G60,3)>0,ROUND(M60-$G60,3),""),"") | N61: =IFERROR(IF(ROUND(N60-$G60,3)>0,ROUND(N60-$G60,3),""),"") | O61: =IFERROR(IF(ROUND(O60-$G60,3)>0,ROUND(O60-$G60,3),""),"") | ... S61: =IFERROR(IF(ROUND(S60-$G60,3)>0,ROUND(S60-$G60,3),""),"") | U61: =IFERROR(IF(ROUND(U60-$G60,3)>0,ROUND(U60-$G60,3),""),"") | V61: =IFERROR(IF(ROUND(V60-$G60,3)>0,ROUND(V60-$G60,3),""),"") | W61: =IFERROR(IF(ROUND(W60-$G60,3)>0,ROUND(W60-$G60,3),""),"") | X61: =IFERROR(IF(ROUND(X60-$G60,3)>0,ROUND(X60-$G60,3),""),"") | Y61: =IFERROR(IF(ROUND(Y60-$G60,3)>0,ROUND(Y60-$G60,3),""),"") | Z61: =IFERROR(IF(ROUND(Z60-$G60,3)>0,ROUND(Z60-$G60,3),""),"") | AA61: =IFERROR(IF(ROUND(AA60-$G60,3)>0,ROUND(AA60-$G60,3),""),"") | AB61: =IFERROR(IF(ROUND(AB60-$G60,3)>0,ROUND(AB60-$G60,3),""),"") | ... AF61: =IFERROR(IF(ROUND(AF60-$G60,3)>0,ROUND(AF60-$G60,3),""),"")
D62: Short Order | H62: =IFERROR(IF(ROUND($G60-H60,3)>0,ROUND($G60-H60,3),""),"") | I62: =IFERROR(IF(ROUND($G60-I60,3)>0,ROUND($G60-I60,3),""),"") | J62: =IFERROR(IF(ROUND($G60-J60,3)>0,ROUND($G60-J60,3),""),"") | K62: =IFERROR(IF(ROUND($G60-K60,3)>0,ROUND($G60-K60,3),""),"") | L62: =IFERROR(IF(ROUND($G60-L60,3)>0,ROUND($G60-L60,3),""),"") | M62: =IFERROR(IF(ROUND($G60-M60,3)>0,ROUND($G60-M60,3),""),"") | N62: =IFERROR(IF(ROUND($G60-N60,3)>0,ROUND($G60-N60,3),""),"") | O62: =IFERROR(IF(ROUND($G60-O60,3)>0,ROUND($G60-O60,3),""),"") | ... S62: =IFERROR(IF(ROUND($G60-S60,3)>0,ROUND($G60-S60,3),""),"") | U62: =IFERROR(IF(ROUND($G60-U60,3)>0,ROUND($G60-U60,3),""),"") | V62: =IFERROR(IF(ROUND($G60-V60,3)>0,ROUND($G60-V60,3),""),"") | W62: =IFERROR(IF(ROUND($G60-W60,3)>0,ROUND($G60-W60,3),""),"") | X62: =IFERROR(IF(ROUND($G60-X60,3)>0,ROUND($G60-X60,3),""),"") | Y62: =IFERROR(IF(ROUND($G60-Y60,3)>0,ROUND($G60-Y60,3),""),"") | Z62: =IFERROR(IF(ROUND($G60-Z60,3)>0,ROUND($G60-Z60,3),""),"") | AA62: =IFERROR(IF(ROUND($G60-AA60,3)>0,ROUND($G60-AA60,3),""),"") | AB62: =IFERROR(IF(ROUND($G60-AB60,3)>0,ROUND($G60-AB60,3),""),"") | ... AF62: =IFERROR(IF(ROUND($G60-AF60,3)>0,ROUND($G60-AF60,3),""),"")
B63: USA | C63: HF Co | D63: Pearl Pack-FFS POUCH | E63: 0.5 | F63: 1 | G63: =IFERROR(IF(OR($F63=0,VLOOKUP($D63,'MC MASTER'!$A:$R,18,0)=0),"-",ROUND(VLOOKUP($D63,'MC MASTER'!$A:$R,18,0)*$E63*$F63,3)),"-") | H63: =IFERROR(SUMIFS(WORKING!$Y:$Y,WORKING!$X:$X,$D63,WORKING!$W:$W,H$500),"") | I63: =IFERROR(SUMIFS(WORKING!$Y:$Y,WORKING!$X:$X,$D63,WORKING!$W:$W,I$500),"") | J63: =IFERROR(SUMIFS(WORKING!$Y:$Y,WORKING!$X:$X,$D63,WORKING!$W:$W,J$500),"") | K63: =IFERROR(SUMIFS(WORKING!$Y:$Y,WORKING!$X:$X,$D63,WORKING!$W:$W,K$500),"") | L63: =IFERROR(SUMIFS(WORKING!$Y:$Y,WORKING!$X:$X,$D63,WORKING!$W:$W,L$500),"") | M63: =IFERROR(SUMIFS(WORKING!$Y:$Y,WORKING!$X:$X,$D63,WORKING!$W:$W,M$500),"") | N63: =IFERROR(SUMIFS(WORKING!$Y:$Y,WORKING!$X:$X,$D63,WORKING!$W:$W,N$500),"") | O63: =IFERROR(SUMIFS(WORKING!$Y:$Y,WORKING!$X:$X,$D63,WORKING!$W:$W,O$500),"") | ... S63: =IFERROR(SUMIFS(WORKING!$Y:$Y,WORKING!$X:$X,$D63,WORKING!$W:$W,S$500),"") | U63: =IFERROR(SUMIFS(WORKING!$Z:$Z,WORKING!$X:$X,$D63,WORKING!$W:$W,H$500),"") | V63: =IFERROR(SUMIFS(WORKING!$Z:$Z,WORKING!$X:$X,$D63,WORKING!$W:$W,I$500),"") | W63: =IFERROR(SUMIFS(WORKING!$Z:$Z,WORKING!$X:$X,$D63,WORKING!$W:$W,J$500),"") | X63: =IFERROR(SUMIFS(WORKING!$Z:$Z,WORKING!$X:$X,$D63,WORKING!$W:$W,K$500),"") | Y63: =IFERROR(SUMIFS(WORKING!$Z:$Z,WORKING!$X:$X,$D63,WORKING!$W:$W,L$500),"") | Z63: =IFERROR(SUMIFS(WORKING!$Z:$Z,WORKING!$X:$X,$D63,WORKING!$W:$W,M$500),"") | AA63: =IFERROR(SUMIFS(WORKING!$Z:$Z,WORKING!$X:$X,$D63,WORKING!$W:$W,N$500),"") | AB63: =IFERROR(SUMIFS(WORKING!$Z:$Z,WORKING!$X:$X,$D63,WORKING!$W:$W,O$500),"") | ... AF63: =IFERROR(SUMIFS(WORKING!$Z:$Z,WORKING!$X:$X,$D63,WORKING!$W:$W,S$500),"")
D64: TOTAL | G64: =SUM(G63:G63) | H64: =SUM(H63:H63) | I64: =SUM(I63:I63) | J64: =SUM(J63:J63) | K64: =SUM(K63:K63) | L64: =SUM(L63:L63) | M64: =SUM(M63:M63) | N64: =SUM(N63:N63) | ... S64: =SUM(S63:S63) | U64: =SUM(U63:U63) | V64: =SUM(V63:V63) | W64: =SUM(W63:W63) | X64: =SUM(X63:X63) | Y64: =SUM(Y63:Y63) | Z64: =SUM(Z63:Z63) | AA64: =SUM(AA63:AA63) | AB64: =SUM(AB63:AB63) | ... AF64: =SUM(AF63:AF63)
D65: Excess Order | H65: =IFERROR(IF(ROUND(H64-$G64,3)>0,ROUND(H64-$G64,3),""),"") | I65: =IFERROR(IF(ROUND(I64-$G64,3)>0,ROUND(I64-$G64,3),""),"") | J65: =IFERROR(IF(ROUND(J64-$G64,3)>0,ROUND(J64-$G64,3),""),"") | K65: =IFERROR(IF(ROUND(K64-$G64,3)>0,ROUND(K64-$G64,3),""),"") | L65: =IFERROR(IF(ROUND(L64-$G64,3)>0,ROUND(L64-$G64,3),""),"") | M65: =IFERROR(IF(ROUND(M64-$G64,3)>0,ROUND(M64-$G64,3),""),"") | N65: =IFERROR(IF(ROUND(N64-$G64,3)>0,ROUND(N64-$G64,3),""),"") | O65: =IFERROR(IF(ROUND(O64-$G64,3)>0,ROUND(O64-$G64,3),""),"") | ... S65: =IFERROR(IF(ROUND(S64-$G64,3)>0,ROUND(S64-$G64,3),""),"") | U65: =IFERROR(IF(ROUND(U64-$G64,3)>0,ROUND(U64-$G64,3),""),"") | V65: =IFERROR(IF(ROUND(V64-$G64,3)>0,ROUND(V64-$G64,3),""),"") | W65: =IFERROR(IF(ROUND(W64-$G64,3)>0,ROUND(W64-$G64,3),""),"") | X65: =IFERROR(IF(ROUND(X64-$G64,3)>0,ROUND(X64-$G64,3),""),"") | Y65: =IFERROR(IF(ROUND(Y64-$G64,3)>0,ROUND(Y64-$G64,3),""),"") | Z65: =IFERROR(IF(ROUND(Z64-$G64,3)>0,ROUND(Z64-$G64,3),""),"") | AA65: =IFERROR(IF(ROUND(AA64-$G64,3)>0,ROUND(AA64-$G64,3),""),"") | AB65: =IFERROR(IF(ROUND(AB64-$G64,3)>0,ROUND(AB64-$G64,3),""),"") | ... AF65: =IFERROR(IF(ROUND(AF64-$G64,3)>0,ROUND(AF64-$G64,3),""),"")
D66: Short Order | H66: =IFERROR(IF(ROUND($G64-H64,3)>0,ROUND($G64-H64,3),""),"") | I66: =IFERROR(IF(ROUND($G64-I64,3)>0,ROUND($G64-I64,3),""),"") | J66: =IFERROR(IF(ROUND($G64-J64,3)>0,ROUND($G64-J64,3),""),"") | K66: =IFERROR(IF(ROUND($G64-K64,3)>0,ROUND($G64-K64,3),""),"") | L66: =IFERROR(IF(ROUND($G64-L64,3)>0,ROUND($G64-L64,3),""),"") | M66: =IFERROR(IF(ROUND($G64-M64,3)>0,ROUND($G64-M64,3),""),"") | N66: =IFERROR(IF(ROUND($G64-N64,3)>0,ROUND($G64-N64,3),""),"") | O66: =IFERROR(IF(ROUND($G64-O64,3)>0,ROUND($G64-O64,3),""),"") | ... S66: =IFERROR(IF(ROUND($G64-S64,3)>0,ROUND($G64-S64,3),""),"") | U66: =IFERROR(IF(ROUND($G64-U64,3)>0,ROUND($G64-U64,3),""),"") | V66: =IFERROR(IF(ROUND($G64-V64,3)>0,ROUND($G64-V64,3),""),"") | W66: =IFERROR(IF(ROUND($G64-W64,3)>0,ROUND($G64-W64,3),""),"") | X66: =IFERROR(IF(ROUND($G64-X64,3)>0,ROUND($G64-X64,3),""),"") | Y66: =IFERROR(IF(ROUND($G64-Y64,3)>0,ROUND($G64-Y64,3),""),"") | Z66: =IFERROR(IF(ROUND($G64-Z64,3)>0,ROUND($G64-Z64,3),""),"") | AA66: =IFERROR(IF(ROUND($G64-AA64,3)>0,ROUND($G64-AA64,3),""),"") | AB66: =IFERROR(IF(ROUND($G64-AB64,3)>0,ROUND($G64-AB64,3),""),"") | ... AF66: =IFERROR(IF(ROUND($G64-AF64,3)>0,ROUND($G64-AF64,3),""),"")
F500: week Monday (drives SUMIFS) | H500: =DATE(2026,9,28) | I500: =H500+7 | J500: =I500+7 | K500: =J500+7 | L500: =K500+7 | M500: =L500+7 | N500: =M500+7 | O500: =N500+7 | P500: =O500+7 | ... S500: =R500+7

Sheet AFR
A1: Order Vs Week Distribution | H1: Based on Order Qty
A2: =IF('ORDER VS WEEK DISTRIBUTION'!A2="","",'ORDER VS WEEK DISTRIBUTION'!A2) | B2: =IF('ORDER VS WEEK DISTRIBUTION'!B2="","",'ORDER VS WEEK DISTRIBUTION'!B2) | C2: =IF('ORDER VS WEEK DISTRIBUTION'!C2="","",'ORDER VS WEEK DISTRIBUTION'!C2) | D2: =IF('ORDER VS WEEK DISTRIBUTION'!D2="","",'ORDER VS WEEK DISTRIBUTION'!D2) | E2: =IF('ORDER VS WEEK DISTRIBUTION'!E2="","",'ORDER VS WEEK DISTRIBUTION'!E2) | F2: =IF('ORDER VS WEEK DISTRIBUTION'!F2="","",'ORDER VS WEEK DISTRIBUTION'!F2) | G2: =IF('ORDER VS WEEK DISTRIBUTION'!G2="","",'ORDER VS WEEK DISTRIBUTION'!G2) | H2: =IF('ORDER VS WEEK DISTRIBUTION'!U2="","",'ORDER VS WEEK DISTRIBUTION'!U2) | I2: =IF('ORDER VS WEEK DISTRIBUTION'!V2="","",'ORDER VS WEEK DISTRIBUTION'!V2) | J2: =IF('ORDER VS WEEK DISTRIBUTION'!W2="","",'ORDER VS WEEK DISTRIBUTION'!W2) | K2: =IF('ORDER VS WEEK DISTRIBUTION'!X2="","",'ORDER VS WEEK DISTRIBUTION'!X2) | L2: =IF('ORDER VS WEEK DISTRIBUTION'!Y2="","",'ORDER VS WEEK DISTRIBUTION'!Y2) | M2: =IF('ORDER VS WEEK DISTRIBUTION'!Z2="","",'ORDER VS WEEK DISTRIBUTION'!Z2) | N2: =IF('ORDER VS WEEK DISTRIBUTION'!AA2="","",'ORDER VS WEEK DISTRIBUTION'!AA2) | O2: =IF('ORDER VS WEEK DISTRIBUTION'!AB2="","",'ORDER VS WEEK DISTRIBUTION'!AB2) | ... S2: =IF('ORDER VS WEEK DISTRIBUTION'!AF2="","",'ORDER VS WEEK DISTRIBUTION'!AF2)
A3: =IF('ORDER VS WEEK DISTRIBUTION'!A3="","",'ORDER VS WEEK DISTRIBUTION'!A3) | B3: =IF('ORDER VS WEEK DISTRIBUTION'!B3="","",'ORDER VS WEEK DISTRIBUTION'!B3) | C3: =IF('ORDER VS WEEK DISTRIBUTION'!C3="","",'ORDER VS WEEK DISTRIBUTION'!C3) | D3: =IF('ORDER VS WEEK DISTRIBUTION'!D3="","",'ORDER VS WEEK DISTRIBUTION'!D3) | E3: =IF('ORDER VS WEEK DISTRIBUTION'!E3="","",'ORDER VS WEEK DISTRIBUTION'!E3) | F3: =IF('ORDER VS WEEK DISTRIBUTION'!F3="","",'ORDER VS WEEK DISTRIBUTION'!F3) | G3: =IF('ORDER VS WEEK DISTRIBUTION'!G3="","",'ORDER VS WEEK DISTRIBUTION'!G3) | H3: =IF('ORDER VS WEEK DISTRIBUTION'!U3="","",'ORDER VS WEEK DISTRIBUTION'!U3) | I3: =IF('ORDER VS WEEK DISTRIBUTION'!V3="","",'ORDER VS WEEK DISTRIBUTION'!V3) | J3: =IF('ORDER VS WEEK DISTRIBUTION'!W3="","",'ORDER VS WEEK DISTRIBUTION'!W3) | K3: =IF('ORDER VS WEEK DISTRIBUTION'!X3="","",'ORDER VS WEEK DISTRIBUTION'!X3) | L3: =IF('ORDER VS WEEK DISTRIBUTION'!Y3="","",'ORDER VS WEEK DISTRIBUTION'!Y3) | M3: =IF('ORDER VS WEEK DISTRIBUTION'!Z3="","",'ORDER VS WEEK DISTRIBUTION'!Z3) | N3: =IF('ORDER VS WEEK DISTRIBUTION'!AA3="","",'ORDER VS WEEK DISTRIBUTION'!AA3) | O3: =IF('ORDER VS WEEK DISTRIBUTION'!AB3="","",'ORDER VS WEEK DISTRIBUTION'!AB3) | ... S3: =IF('ORDER VS WEEK DISTRIBUTION'!AF3="","",'ORDER VS WEEK DISTRIBUTION'!AF3)
C4: =IF('ORDER VS WEEK DISTRIBUTION'!C4="","",'ORDER VS WEEK DISTRIBUTION'!C4) | D4: =IF('ORDER VS WEEK DISTRIBUTION'!D4="","",'ORDER VS WEEK DISTRIBUTION'!D4) | E4: =IF('ORDER VS WEEK DISTRIBUTION'!E4="","",'ORDER VS WEEK DISTRIBUTION'!E4) | F4: =IF('ORDER VS WEEK DISTRIBUTION'!F4="","",'ORDER VS WEEK DISTRIBUTION'!F4) | G4: =IF('ORDER VS WEEK DISTRIBUTION'!G4="","",'ORDER VS WEEK DISTRIBUTION'!G4) | H4: =IF('ORDER VS WEEK DISTRIBUTION'!U4="","",'ORDER VS WEEK DISTRIBUTION'!U4) | I4: =IF('ORDER VS WEEK DISTRIBUTION'!V4="","",'ORDER VS WEEK DISTRIBUTION'!V4) | J4: =IF('ORDER VS WEEK DISTRIBUTION'!W4="","",'ORDER VS WEEK DISTRIBUTION'!W4) | K4: =IF('ORDER VS WEEK DISTRIBUTION'!X4="","",'ORDER VS WEEK DISTRIBUTION'!X4) | L4: =IF('ORDER VS WEEK DISTRIBUTION'!Y4="","",'ORDER VS WEEK DISTRIBUTION'!Y4) | M4: =IF('ORDER VS WEEK DISTRIBUTION'!Z4="","",'ORDER VS WEEK DISTRIBUTION'!Z4) | N4: =IF('ORDER VS WEEK DISTRIBUTION'!AA4="","",'ORDER VS WEEK DISTRIBUTION'!AA4) | O4: =IF('ORDER VS WEEK DISTRIBUTION'!AB4="","",'ORDER VS WEEK DISTRIBUTION'!AB4) | ... S4: =IF('ORDER VS WEEK DISTRIBUTION'!AF4="","",'ORDER VS WEEK DISTRIBUTION'!AF4)
C5: =IF('ORDER VS WEEK DISTRIBUTION'!C5="","",'ORDER VS WEEK DISTRIBUTION'!C5) | D5: =IF('ORDER VS WEEK DISTRIBUTION'!D5="","",'ORDER VS WEEK DISTRIBUTION'!D5) | E5: =IF('ORDER VS WEEK DISTRIBUTION'!E5="","",'ORDER VS WEEK DISTRIBUTION'!E5) | F5: =IF('ORDER VS WEEK DISTRIBUTION'!F5="","",'ORDER VS WEEK DISTRIBUTION'!F5) | G5: =IF('ORDER VS WEEK DISTRIBUTION'!G5="","",'ORDER VS WEEK DISTRIBUTION'!G5) | H5: =IF('ORDER VS WEEK DISTRIBUTION'!U5="","",'ORDER VS WEEK DISTRIBUTION'!U5) | I5: =IF('ORDER VS WEEK DISTRIBUTION'!V5="","",'ORDER VS WEEK DISTRIBUTION'!V5) | J5: =IF('ORDER VS WEEK DISTRIBUTION'!W5="","",'ORDER VS WEEK DISTRIBUTION'!W5) | K5: =IF('ORDER VS WEEK DISTRIBUTION'!X5="","",'ORDER VS WEEK DISTRIBUTION'!X5) | L5: =IF('ORDER VS WEEK DISTRIBUTION'!Y5="","",'ORDER VS WEEK DISTRIBUTION'!Y5) | M5: =IF('ORDER VS WEEK DISTRIBUTION'!Z5="","",'ORDER VS WEEK DISTRIBUTION'!Z5) | N5: =IF('ORDER VS WEEK DISTRIBUTION'!AA5="","",'ORDER VS WEEK DISTRIBUTION'!AA5) | O5: =IF('ORDER VS WEEK DISTRIBUTION'!AB5="","",'ORDER VS WEEK DISTRIBUTION'!AB5) | ... S5: =IF('ORDER VS WEEK DISTRIBUTION'!AF5="","",'ORDER VS WEEK DISTRIBUTION'!AF5)
C6: =IF('ORDER VS WEEK DISTRIBUTION'!C6="","",'ORDER VS WEEK DISTRIBUTION'!C6) | D6: =IF('ORDER VS WEEK DISTRIBUTION'!D6="","",'ORDER VS WEEK DISTRIBUTION'!D6) | E6: =IF('ORDER VS WEEK DISTRIBUTION'!E6="","",'ORDER VS WEEK DISTRIBUTION'!E6) | F6: =IF('ORDER VS WEEK DISTRIBUTION'!F6="","",'ORDER VS WEEK DISTRIBUTION'!F6) | G6: =IF('ORDER VS WEEK DISTRIBUTION'!G6="","",'ORDER VS WEEK DISTRIBUTION'!G6) | H6: =IF('ORDER VS WEEK DISTRIBUTION'!U6="","",'ORDER VS WEEK DISTRIBUTION'!U6) | I6: =IF('ORDER VS WEEK DISTRIBUTION'!V6="","",'ORDER VS WEEK DISTRIBUTION'!V6) | J6: =IF('ORDER VS WEEK DISTRIBUTION'!W6="","",'ORDER VS WEEK DISTRIBUTION'!W6) | K6: =IF('ORDER VS WEEK DISTRIBUTION'!X6="","",'ORDER VS WEEK DISTRIBUTION'!X6) | L6: =IF('ORDER VS WEEK DISTRIBUTION'!Y6="","",'ORDER VS WEEK DISTRIBUTION'!Y6) | M6: =IF('ORDER VS WEEK DISTRIBUTION'!Z6="","",'ORDER VS WEEK DISTRIBUTION'!Z6) | N6: =IF('ORDER VS WEEK DISTRIBUTION'!AA6="","",'ORDER VS WEEK DISTRIBUTION'!AA6) | O6: =IF('ORDER VS WEEK DISTRIBUTION'!AB6="","",'ORDER VS WEEK DISTRIBUTION'!AB6) | ... S6: =IF('ORDER VS WEEK DISTRIBUTION'!AF6="","",'ORDER VS WEEK DISTRIBUTION'!AF6)
C7: =IF('ORDER VS WEEK DISTRIBUTION'!C7="","",'ORDER VS WEEK DISTRIBUTION'!C7) | D7: =IF('ORDER VS WEEK DISTRIBUTION'!D7="","",'ORDER VS WEEK DISTRIBUTION'!D7) | E7: =IF('ORDER VS WEEK DISTRIBUTION'!E7="","",'ORDER VS WEEK DISTRIBUTION'!E7) | F7: =IF('ORDER VS WEEK DISTRIBUTION'!F7="","",'ORDER VS WEEK DISTRIBUTION'!F7) | G7: =IF('ORDER VS WEEK DISTRIBUTION'!G7="","",'ORDER VS WEEK DISTRIBUTION'!G7) | H7: =IF('ORDER VS WEEK DISTRIBUTION'!U7="","",'ORDER VS WEEK DISTRIBUTION'!U7) | I7: =IF('ORDER VS WEEK DISTRIBUTION'!V7="","",'ORDER VS WEEK DISTRIBUTION'!V7) | J7: =IF('ORDER VS WEEK DISTRIBUTION'!W7="","",'ORDER VS WEEK DISTRIBUTION'!W7) | K7: =IF('ORDER VS WEEK DISTRIBUTION'!X7="","",'ORDER VS WEEK DISTRIBUTION'!X7) | L7: =IF('ORDER VS WEEK DISTRIBUTION'!Y7="","",'ORDER VS WEEK DISTRIBUTION'!Y7) | M7: =IF('ORDER VS WEEK DISTRIBUTION'!Z7="","",'ORDER VS WEEK DISTRIBUTION'!Z7) | N7: =IF('ORDER VS WEEK DISTRIBUTION'!AA7="","",'ORDER VS WEEK DISTRIBUTION'!AA7) | O7: =IF('ORDER VS WEEK DISTRIBUTION'!AB7="","",'ORDER VS WEEK DISTRIBUTION'!AB7) | ... S7: =IF('ORDER VS WEEK DISTRIBUTION'!AF7="","",'ORDER VS WEEK DISTRIBUTION'!AF7)
C8: =IF('ORDER VS WEEK DISTRIBUTION'!C8="","",'ORDER VS WEEK DISTRIBUTION'!C8) | D8: =IF('ORDER VS WEEK DISTRIBUTION'!D8="","",'ORDER VS WEEK DISTRIBUTION'!D8) | E8: =IF('ORDER VS WEEK DISTRIBUTION'!E8="","",'ORDER VS WEEK DISTRIBUTION'!E8) | F8: =IF('ORDER VS WEEK DISTRIBUTION'!F8="","",'ORDER VS WEEK DISTRIBUTION'!F8) | G8: =IF('ORDER VS WEEK DISTRIBUTION'!G8="","",'ORDER VS WEEK DISTRIBUTION'!G8) | H8: =IF('ORDER VS WEEK DISTRIBUTION'!U8="","",'ORDER VS WEEK DISTRIBUTION'!U8) | I8: =IF('ORDER VS WEEK DISTRIBUTION'!V8="","",'ORDER VS WEEK DISTRIBUTION'!V8) | J8: =IF('ORDER VS WEEK DISTRIBUTION'!W8="","",'ORDER VS WEEK DISTRIBUTION'!W8) | K8: =IF('ORDER VS WEEK DISTRIBUTION'!X8="","",'ORDER VS WEEK DISTRIBUTION'!X8) | L8: =IF('ORDER VS WEEK DISTRIBUTION'!Y8="","",'ORDER VS WEEK DISTRIBUTION'!Y8) | M8: =IF('ORDER VS WEEK DISTRIBUTION'!Z8="","",'ORDER VS WEEK DISTRIBUTION'!Z8) | N8: =IF('ORDER VS WEEK DISTRIBUTION'!AA8="","",'ORDER VS WEEK DISTRIBUTION'!AA8) | O8: =IF('ORDER VS WEEK DISTRIBUTION'!AB8="","",'ORDER VS WEEK DISTRIBUTION'!AB8) | ... S8: =IF('ORDER VS WEEK DISTRIBUTION'!AF8="","",'ORDER VS WEEK DISTRIBUTION'!AF8)
C9: =IF('ORDER VS WEEK DISTRIBUTION'!C9="","",'ORDER VS WEEK DISTRIBUTION'!C9) | D9: =IF('ORDER VS WEEK DISTRIBUTION'!D9="","",'ORDER VS WEEK DISTRIBUTION'!D9) | E9: =IF('ORDER VS WEEK DISTRIBUTION'!E9="","",'ORDER VS WEEK DISTRIBUTION'!E9) | F9: =IF('ORDER VS WEEK DISTRIBUTION'!F9="","",'ORDER VS WEEK DISTRIBUTION'!F9) | G9: =IF('ORDER VS WEEK DISTRIBUTION'!G9="","",'ORDER VS WEEK DISTRIBUTION'!G9) | H9: =IF('ORDER VS WEEK DISTRIBUTION'!U9="","",'ORDER VS WEEK DISTRIBUTION'!U9) | I9: =IF('ORDER VS WEEK DISTRIBUTION'!V9="","",'ORDER VS WEEK DISTRIBUTION'!V9) | J9: =IF('ORDER VS WEEK DISTRIBUTION'!W9="","",'ORDER VS WEEK DISTRIBUTION'!W9) | K9: =IF('ORDER VS WEEK DISTRIBUTION'!X9="","",'ORDER VS WEEK DISTRIBUTION'!X9) | L9: =IF('ORDER VS WEEK DISTRIBUTION'!Y9="","",'ORDER VS WEEK DISTRIBUTION'!Y9) | M9: =IF('ORDER VS WEEK DISTRIBUTION'!Z9="","",'ORDER VS WEEK DISTRIBUTION'!Z9) | N9: =IF('ORDER VS WEEK DISTRIBUTION'!AA9="","",'ORDER VS WEEK DISTRIBUTION'!AA9) | O9: =IF('ORDER VS WEEK DISTRIBUTION'!AB9="","",'ORDER VS WEEK DISTRIBUTION'!AB9) | ... S9: =IF('ORDER VS WEEK DISTRIBUTION'!AF9="","",'ORDER VS WEEK DISTRIBUTION'!AF9)
D10: =IF('ORDER VS WEEK DISTRIBUTION'!D10="","",'ORDER VS WEEK DISTRIBUTION'!D10) | E10: =IF('ORDER VS WEEK DISTRIBUTION'!E10="","",'ORDER VS WEEK DISTRIBUTION'!E10) | F10: =IF('ORDER VS WEEK DISTRIBUTION'!F10="","",'ORDER VS WEEK DISTRIBUTION'!F10) | G10: =IF('ORDER VS WEEK DISTRIBUTION'!G10="","",'ORDER VS WEEK DISTRIBUTION'!G10) | H10: =IF('ORDER VS WEEK DISTRIBUTION'!U10="","",'ORDER VS WEEK DISTRIBUTION'!U10) | I10: =IF('ORDER VS WEEK DISTRIBUTION'!V10="","",'ORDER VS WEEK DISTRIBUTION'!V10) | J10: =IF('ORDER VS WEEK DISTRIBUTION'!W10="","",'ORDER VS WEEK DISTRIBUTION'!W10) | K10: =IF('ORDER VS WEEK DISTRIBUTION'!X10="","",'ORDER VS WEEK DISTRIBUTION'!X10) | L10: =IF('ORDER VS WEEK DISTRIBUTION'!Y10="","",'ORDER VS WEEK DISTRIBUTION'!Y10) | M10: =IF('ORDER VS WEEK DISTRIBUTION'!Z10="","",'ORDER VS WEEK DISTRIBUTION'!Z10) | N10: =IF('ORDER VS WEEK DISTRIBUTION'!AA10="","",'ORDER VS WEEK DISTRIBUTION'!AA10) | O10: =IF('ORDER VS WEEK DISTRIBUTION'!AB10="","",'ORDER VS WEEK DISTRIBUTION'!AB10) | ... S10: =IF('ORDER VS WEEK DISTRIBUTION'!AF10="","",'ORDER VS WEEK DISTRIBUTION'!AF10)
A11: =IF('ORDER VS WEEK DISTRIBUTION'!A34="","",'ORDER VS WEEK DISTRIBUTION'!A34) | C11: =IF('ORDER VS WEEK DISTRIBUTION'!C34="","",'ORDER VS WEEK DISTRIBUTION'!C34) | D11: =IF('ORDER VS WEEK DISTRIBUTION'!D34="","",'ORDER VS WEEK DISTRIBUTION'!D34) | E11: =IF('ORDER VS WEEK DISTRIBUTION'!E34="","",'ORDER VS WEEK DISTRIBUTION'!E34) | F11: =IF('ORDER VS WEEK DISTRIBUTION'!F34="","",'ORDER VS WEEK DISTRIBUTION'!F34) | G11: =IF('ORDER VS WEEK DISTRIBUTION'!G34="","",'ORDER VS WEEK DISTRIBUTION'!G34) | H11: =IF('ORDER VS WEEK DISTRIBUTION'!U34="","",'ORDER VS WEEK DISTRIBUTION'!U34) | I11: =IF('ORDER VS WEEK DISTRIBUTION'!V34="","",'ORDER VS WEEK DISTRIBUTION'!V34) | J11: =IF('ORDER VS WEEK DISTRIBUTION'!W34="","",'ORDER VS WEEK DISTRIBUTION'!W34) | K11: =IF('ORDER VS WEEK DISTRIBUTION'!X34="","",'ORDER VS WEEK DISTRIBUTION'!X34) | L11: =IF('ORDER VS WEEK DISTRIBUTION'!Y34="","",'ORDER VS WEEK DISTRIBUTION'!Y34) | M11: =IF('ORDER VS WEEK DISTRIBUTION'!Z34="","",'ORDER VS WEEK DISTRIBUTION'!Z34) | N11: =IF('ORDER VS WEEK DISTRIBUTION'!AA34="","",'ORDER VS WEEK DISTRIBUTION'!AA34) | O11: =IF('ORDER VS WEEK DISTRIBUTION'!AB34="","",'ORDER VS WEEK DISTRIBUTION'!AB34) | ... S11: =IF('ORDER VS WEEK DISTRIBUTION'!AF34="","",'ORDER VS WEEK DISTRIBUTION'!AF34)
C12: =IF('ORDER VS WEEK DISTRIBUTION'!C35="","",'ORDER VS WEEK DISTRIBUTION'!C35) | D12: =IF('ORDER VS WEEK DISTRIBUTION'!D35="","",'ORDER VS WEEK DISTRIBUTION'!D35) | E12: =IF('ORDER VS WEEK DISTRIBUTION'!E35="","",'ORDER VS WEEK DISTRIBUTION'!E35) | F12: =IF('ORDER VS WEEK DISTRIBUTION'!F35="","",'ORDER VS WEEK DISTRIBUTION'!F35) | G12: =IF('ORDER VS WEEK DISTRIBUTION'!G35="","",'ORDER VS WEEK DISTRIBUTION'!G35) | H12: =IF('ORDER VS WEEK DISTRIBUTION'!U35="","",'ORDER VS WEEK DISTRIBUTION'!U35) | I12: =IF('ORDER VS WEEK DISTRIBUTION'!V35="","",'ORDER VS WEEK DISTRIBUTION'!V35) | J12: =IF('ORDER VS WEEK DISTRIBUTION'!W35="","",'ORDER VS WEEK DISTRIBUTION'!W35) | K12: =IF('ORDER VS WEEK DISTRIBUTION'!X35="","",'ORDER VS WEEK DISTRIBUTION'!X35) | L12: =IF('ORDER VS WEEK DISTRIBUTION'!Y35="","",'ORDER VS WEEK DISTRIBUTION'!Y35) | M12: =IF('ORDER VS WEEK DISTRIBUTION'!Z35="","",'ORDER VS WEEK DISTRIBUTION'!Z35) | N12: =IF('ORDER VS WEEK DISTRIBUTION'!AA35="","",'ORDER VS WEEK DISTRIBUTION'!AA35) | O12: =IF('ORDER VS WEEK DISTRIBUTION'!AB35="","",'ORDER VS WEEK DISTRIBUTION'!AB35) | ... S12: =IF('ORDER VS WEEK DISTRIBUTION'!AF35="","",'ORDER VS WEEK DISTRIBUTION'!AF35)
C13: =IF('ORDER VS WEEK DISTRIBUTION'!C36="","",'ORDER VS WEEK DISTRIBUTION'!C36) | D13: =IF('ORDER VS WEEK DISTRIBUTION'!D36="","",'ORDER VS WEEK DISTRIBUTION'!D36) | E13: =IF('ORDER VS WEEK DISTRIBUTION'!E36="","",'ORDER VS WEEK DISTRIBUTION'!E36) | F13: =IF('ORDER VS WEEK DISTRIBUTION'!F36="","",'ORDER VS WEEK DISTRIBUTION'!F36) | G13: =IF('ORDER VS WEEK DISTRIBUTION'!G36="","",'ORDER VS WEEK DISTRIBUTION'!G36) | H13: =IF('ORDER VS WEEK DISTRIBUTION'!U36="","",'ORDER VS WEEK DISTRIBUTION'!U36) | I13: =IF('ORDER VS WEEK DISTRIBUTION'!V36="","",'ORDER VS WEEK DISTRIBUTION'!V36) | J13: =IF('ORDER VS WEEK DISTRIBUTION'!W36="","",'ORDER VS WEEK DISTRIBUTION'!W36) | K13: =IF('ORDER VS WEEK DISTRIBUTION'!X36="","",'ORDER VS WEEK DISTRIBUTION'!X36) | L13: =IF('ORDER VS WEEK DISTRIBUTION'!Y36="","",'ORDER VS WEEK DISTRIBUTION'!Y36) | M13: =IF('ORDER VS WEEK DISTRIBUTION'!Z36="","",'ORDER VS WEEK DISTRIBUTION'!Z36) | N13: =IF('ORDER VS WEEK DISTRIBUTION'!AA36="","",'ORDER VS WEEK DISTRIBUTION'!AA36) | O13: =IF('ORDER VS WEEK DISTRIBUTION'!AB36="","",'ORDER VS WEEK DISTRIBUTION'!AB36) | ... S13: =IF('ORDER VS WEEK DISTRIBUTION'!AF36="","",'ORDER VS WEEK DISTRIBUTION'!AF36)
D14: =IF('ORDER VS WEEK DISTRIBUTION'!D37="","",'ORDER VS WEEK DISTRIBUTION'!D37) | E14: =IF('ORDER VS WEEK DISTRIBUTION'!E37="","",'ORDER VS WEEK DISTRIBUTION'!E37) | F14: =IF('ORDER VS WEEK DISTRIBUTION'!F37="","",'ORDER VS WEEK DISTRIBUTION'!F37) | G14: =IF('ORDER VS WEEK DISTRIBUTION'!G37="","",'ORDER VS WEEK DISTRIBUTION'!G37) | H14: =IF('ORDER VS WEEK DISTRIBUTION'!U37="","",'ORDER VS WEEK DISTRIBUTION'!U37) | I14: =IF('ORDER VS WEEK DISTRIBUTION'!V37="","",'ORDER VS WEEK DISTRIBUTION'!V37) | J14: =IF('ORDER VS WEEK DISTRIBUTION'!W37="","",'ORDER VS WEEK DISTRIBUTION'!W37) | K14: =IF('ORDER VS WEEK DISTRIBUTION'!X37="","",'ORDER VS WEEK DISTRIBUTION'!X37) | L14: =IF('ORDER VS WEEK DISTRIBUTION'!Y37="","",'ORDER VS WEEK DISTRIBUTION'!Y37) | M14: =IF('ORDER VS WEEK DISTRIBUTION'!Z37="","",'ORDER VS WEEK DISTRIBUTION'!Z37) | N14: =IF('ORDER VS WEEK DISTRIBUTION'!AA37="","",'ORDER VS WEEK DISTRIBUTION'!AA37) | O14: =IF('ORDER VS WEEK DISTRIBUTION'!AB37="","",'ORDER VS WEEK DISTRIBUTION'!AB37) | ... S14: =IF('ORDER VS WEEK DISTRIBUTION'!AF37="","",'ORDER VS WEEK DISTRIBUTION'!AF37)
A15: =IF('ORDER VS WEEK DISTRIBUTION'!A48="","",'ORDER VS WEEK DISTRIBUTION'!A48) | C15: =IF('ORDER VS WEEK DISTRIBUTION'!C48="","",'ORDER VS WEEK DISTRIBUTION'!C48) | D15: =IF('ORDER VS WEEK DISTRIBUTION'!D48="","",'ORDER VS WEEK DISTRIBUTION'!D48) | E15: =IF('ORDER VS WEEK DISTRIBUTION'!E48="","",'ORDER VS WEEK DISTRIBUTION'!E48) | F15: =IF('ORDER VS WEEK DISTRIBUTION'!F48="","",'ORDER VS WEEK DISTRIBUTION'!F48) | G15: =IF('ORDER VS WEEK DISTRIBUTION'!G48="","",'ORDER VS WEEK DISTRIBUTION'!G48) | H15: =IF('ORDER VS WEEK DISTRIBUTION'!U48="","",'ORDER VS WEEK DISTRIBUTION'!U48) | I15: =IF('ORDER VS WEEK DISTRIBUTION'!V48="","",'ORDER VS WEEK DISTRIBUTION'!V48) | J15: =IF('ORDER VS WEEK DISTRIBUTION'!W48="","",'ORDER VS WEEK DISTRIBUTION'!W48) | K15: =IF('ORDER VS WEEK DISTRIBUTION'!X48="","",'ORDER VS WEEK DISTRIBUTION'!X48) | L15: =IF('ORDER VS WEEK DISTRIBUTION'!Y48="","",'ORDER VS WEEK DISTRIBUTION'!Y48) | M15: =IF('ORDER VS WEEK DISTRIBUTION'!Z48="","",'ORDER VS WEEK DISTRIBUTION'!Z48) | N15: =IF('ORDER VS WEEK DISTRIBUTION'!AA48="","",'ORDER VS WEEK DISTRIBUTION'!AA48) | O15: =IF('ORDER VS WEEK DISTRIBUTION'!AB48="","",'ORDER VS WEEK DISTRIBUTION'!AB48) | ... S15: =IF('ORDER VS WEEK DISTRIBUTION'!AF48="","",'ORDER VS WEEK DISTRIBUTION'!AF48)
C16: =IF('ORDER VS WEEK DISTRIBUTION'!C49="","",'ORDER VS WEEK DISTRIBUTION'!C49) | D16: =IF('ORDER VS WEEK DISTRIBUTION'!D49="","",'ORDER VS WEEK DISTRIBUTION'!D49) | E16: =IF('ORDER VS WEEK DISTRIBUTION'!E49="","",'ORDER VS WEEK DISTRIBUTION'!E49) | F16: =IF('ORDER VS WEEK DISTRIBUTION'!F49="","",'ORDER VS WEEK DISTRIBUTION'!F49) | G16: =IF('ORDER VS WEEK DISTRIBUTION'!G49="","",'ORDER VS WEEK DISTRIBUTION'!G49) | H16: =IF('ORDER VS WEEK DISTRIBUTION'!U49="","",'ORDER VS WEEK DISTRIBUTION'!U49) | I16: =IF('ORDER VS WEEK DISTRIBUTION'!V49="","",'ORDER VS WEEK DISTRIBUTION'!V49) | J16: =IF('ORDER VS WEEK DISTRIBUTION'!W49="","",'ORDER VS WEEK DISTRIBUTION'!W49) | K16: =IF('ORDER VS WEEK DISTRIBUTION'!X49="","",'ORDER VS WEEK DISTRIBUTION'!X49) | L16: =IF('ORDER VS WEEK DISTRIBUTION'!Y49="","",'ORDER VS WEEK DISTRIBUTION'!Y49) | M16: =IF('ORDER VS WEEK DISTRIBUTION'!Z49="","",'ORDER VS WEEK DISTRIBUTION'!Z49) | N16: =IF('ORDER VS WEEK DISTRIBUTION'!AA49="","",'ORDER VS WEEK DISTRIBUTION'!AA49) | O16: =IF('ORDER VS WEEK DISTRIBUTION'!AB49="","",'ORDER VS WEEK DISTRIBUTION'!AB49) | ... S16: =IF('ORDER VS WEEK DISTRIBUTION'!AF49="","",'ORDER VS WEEK DISTRIBUTION'!AF49)
C17: =IF('ORDER VS WEEK DISTRIBUTION'!C50="","",'ORDER VS WEEK DISTRIBUTION'!C50) | D17: =IF('ORDER VS WEEK DISTRIBUTION'!D50="","",'ORDER VS WEEK DISTRIBUTION'!D50) | E17: =IF('ORDER VS WEEK DISTRIBUTION'!E50="","",'ORDER VS WEEK DISTRIBUTION'!E50) | F17: =IF('ORDER VS WEEK DISTRIBUTION'!F50="","",'ORDER VS WEEK DISTRIBUTION'!F50) | G17: =IF('ORDER VS WEEK DISTRIBUTION'!G50="","",'ORDER VS WEEK DISTRIBUTION'!G50) | H17: =IF('ORDER VS WEEK DISTRIBUTION'!U50="","",'ORDER VS WEEK DISTRIBUTION'!U50) | I17: =IF('ORDER VS WEEK DISTRIBUTION'!V50="","",'ORDER VS WEEK DISTRIBUTION'!V50) | J17: =IF('ORDER VS WEEK DISTRIBUTION'!W50="","",'ORDER VS WEEK DISTRIBUTION'!W50) | K17: =IF('ORDER VS WEEK DISTRIBUTION'!X50="","",'ORDER VS WEEK DISTRIBUTION'!X50) | L17: =IF('ORDER VS WEEK DISTRIBUTION'!Y50="","",'ORDER VS WEEK DISTRIBUTION'!Y50) | M17: =IF('ORDER VS WEEK DISTRIBUTION'!Z50="","",'ORDER VS WEEK DISTRIBUTION'!Z50) | N17: =IF('ORDER VS WEEK DISTRIBUTION'!AA50="","",'ORDER VS WEEK DISTRIBUTION'!AA50) | O17: =IF('ORDER VS WEEK DISTRIBUTION'!AB50="","",'ORDER VS WEEK DISTRIBUTION'!AB50) | ... S17: =IF('ORDER VS WEEK DISTRIBUTION'!AF50="","",'ORDER VS WEEK DISTRIBUTION'!AF50)
C18: =IF('ORDER VS WEEK DISTRIBUTION'!C51="","",'ORDER VS WEEK DISTRIBUTION'!C51) | D18: =IF('ORDER VS WEEK DISTRIBUTION'!D51="","",'ORDER VS WEEK DISTRIBUTION'!D51) | E18: =IF('ORDER VS WEEK DISTRIBUTION'!E51="","",'ORDER VS WEEK DISTRIBUTION'!E51) | F18: =IF('ORDER VS WEEK DISTRIBUTION'!F51="","",'ORDER VS WEEK DISTRIBUTION'!F51) | G18: =IF('ORDER VS WEEK DISTRIBUTION'!G51="","",'ORDER VS WEEK DISTRIBUTION'!G51) | H18: =IF('ORDER VS WEEK DISTRIBUTION'!U51="","",'ORDER VS WEEK DISTRIBUTION'!U51) | I18: =IF('ORDER VS WEEK DISTRIBUTION'!V51="","",'ORDER VS WEEK DISTRIBUTION'!V51) | J18: =IF('ORDER VS WEEK DISTRIBUTION'!W51="","",'ORDER VS WEEK DISTRIBUTION'!W51) | K18: =IF('ORDER VS WEEK DISTRIBUTION'!X51="","",'ORDER VS WEEK DISTRIBUTION'!X51) | L18: =IF('ORDER VS WEEK DISTRIBUTION'!Y51="","",'ORDER VS WEEK DISTRIBUTION'!Y51) | M18: =IF('ORDER VS WEEK DISTRIBUTION'!Z51="","",'ORDER VS WEEK DISTRIBUTION'!Z51) | N18: =IF('ORDER VS WEEK DISTRIBUTION'!AA51="","",'ORDER VS WEEK DISTRIBUTION'!AA51) | O18: =IF('ORDER VS WEEK DISTRIBUTION'!AB51="","",'ORDER VS WEEK DISTRIBUTION'!AB51) | ... S18: =IF('ORDER VS WEEK DISTRIBUTION'!AF51="","",'ORDER VS WEEK DISTRIBUTION'!AF51)
C19: =IF('ORDER VS WEEK DISTRIBUTION'!C52="","",'ORDER VS WEEK DISTRIBUTION'!C52) | D19: =IF('ORDER VS WEEK DISTRIBUTION'!D52="","",'ORDER VS WEEK DISTRIBUTION'!D52) | E19: =IF('ORDER VS WEEK DISTRIBUTION'!E52="","",'ORDER VS WEEK DISTRIBUTION'!E52) | F19: =IF('ORDER VS WEEK DISTRIBUTION'!F52="","",'ORDER VS WEEK DISTRIBUTION'!F52) | G19: =IF('ORDER VS WEEK DISTRIBUTION'!G52="","",'ORDER VS WEEK DISTRIBUTION'!G52) | H19: =IF('ORDER VS WEEK DISTRIBUTION'!U52="","",'ORDER VS WEEK DISTRIBUTION'!U52) | I19: =IF('ORDER VS WEEK DISTRIBUTION'!V52="","",'ORDER VS WEEK DISTRIBUTION'!V52) | J19: =IF('ORDER VS WEEK DISTRIBUTION'!W52="","",'ORDER VS WEEK DISTRIBUTION'!W52) | K19: =IF('ORDER VS WEEK DISTRIBUTION'!X52="","",'ORDER VS WEEK DISTRIBUTION'!X52) | L19: =IF('ORDER VS WEEK DISTRIBUTION'!Y52="","",'ORDER VS WEEK DISTRIBUTION'!Y52) | M19: =IF('ORDER VS WEEK DISTRIBUTION'!Z52="","",'ORDER VS WEEK DISTRIBUTION'!Z52) | N19: =IF('ORDER VS WEEK DISTRIBUTION'!AA52="","",'ORDER VS WEEK DISTRIBUTION'!AA52) | O19: =IF('ORDER VS WEEK DISTRIBUTION'!AB52="","",'ORDER VS WEEK DISTRIBUTION'!AB52) | ... S19: =IF('ORDER VS WEEK DISTRIBUTION'!AF52="","",'ORDER VS WEEK DISTRIBUTION'!AF52)
D20: =IF('ORDER VS WEEK DISTRIBUTION'!D53="","",'ORDER VS WEEK DISTRIBUTION'!D53) | E20: =IF('ORDER VS WEEK DISTRIBUTION'!E53="","",'ORDER VS WEEK DISTRIBUTION'!E53) | F20: =IF('ORDER VS WEEK DISTRIBUTION'!F53="","",'ORDER VS WEEK DISTRIBUTION'!F53) | G20: =IF('ORDER VS WEEK DISTRIBUTION'!G53="","",'ORDER VS WEEK DISTRIBUTION'!G53) | H20: =IF('ORDER VS WEEK DISTRIBUTION'!U53="","",'ORDER VS WEEK DISTRIBUTION'!U53) | I20: =IF('ORDER VS WEEK DISTRIBUTION'!V53="","",'ORDER VS WEEK DISTRIBUTION'!V53) | J20: =IF('ORDER VS WEEK DISTRIBUTION'!W53="","",'ORDER VS WEEK DISTRIBUTION'!W53) | K20: =IF('ORDER VS WEEK DISTRIBUTION'!X53="","",'ORDER VS WEEK DISTRIBUTION'!X53) | L20: =IF('ORDER VS WEEK DISTRIBUTION'!Y53="","",'ORDER VS WEEK DISTRIBUTION'!Y53) | M20: =IF('ORDER VS WEEK DISTRIBUTION'!Z53="","",'ORDER VS WEEK DISTRIBUTION'!Z53) | N20: =IF('ORDER VS WEEK DISTRIBUTION'!AA53="","",'ORDER VS WEEK DISTRIBUTION'!AA53) | O20: =IF('ORDER VS WEEK DISTRIBUTION'!AB53="","",'ORDER VS WEEK DISTRIBUTION'!AB53) | ... S20: =IF('ORDER VS WEEK DISTRIBUTION'!AF53="","",'ORDER VS WEEK DISTRIBUTION'!AF53)

Sheet AUS&EU
A1: Order Vs Week Distribution | H1: Based on Order Qty
A2: =IF('ORDER VS WEEK DISTRIBUTION'!A2="","",'ORDER VS WEEK DISTRIBUTION'!A2) | B2: =IF('ORDER VS WEEK DISTRIBUTION'!B2="","",'ORDER VS WEEK DISTRIBUTION'!B2) | C2: =IF('ORDER VS WEEK DISTRIBUTION'!C2="","",'ORDER VS WEEK DISTRIBUTION'!C2) | D2: =IF('ORDER VS WEEK DISTRIBUTION'!D2="","",'ORDER VS WEEK DISTRIBUTION'!D2) | E2: =IF('ORDER VS WEEK DISTRIBUTION'!E2="","",'ORDER VS WEEK DISTRIBUTION'!E2) | F2: =IF('ORDER VS WEEK DISTRIBUTION'!F2="","",'ORDER VS WEEK DISTRIBUTION'!F2) | G2: =IF('ORDER VS WEEK DISTRIBUTION'!G2="","",'ORDER VS WEEK DISTRIBUTION'!G2) | H2: =IF('ORDER VS WEEK DISTRIBUTION'!U2="","",'ORDER VS WEEK DISTRIBUTION'!U2) | I2: =IF('ORDER VS WEEK DISTRIBUTION'!V2="","",'ORDER VS WEEK DISTRIBUTION'!V2) | J2: =IF('ORDER VS WEEK DISTRIBUTION'!W2="","",'ORDER VS WEEK DISTRIBUTION'!W2) | K2: =IF('ORDER VS WEEK DISTRIBUTION'!X2="","",'ORDER VS WEEK DISTRIBUTION'!X2) | L2: =IF('ORDER VS WEEK DISTRIBUTION'!Y2="","",'ORDER VS WEEK DISTRIBUTION'!Y2) | M2: =IF('ORDER VS WEEK DISTRIBUTION'!Z2="","",'ORDER VS WEEK DISTRIBUTION'!Z2) | N2: =IF('ORDER VS WEEK DISTRIBUTION'!AA2="","",'ORDER VS WEEK DISTRIBUTION'!AA2) | O2: =IF('ORDER VS WEEK DISTRIBUTION'!AB2="","",'ORDER VS WEEK DISTRIBUTION'!AB2) | ... S2: =IF('ORDER VS WEEK DISTRIBUTION'!AF2="","",'ORDER VS WEEK DISTRIBUTION'!AF2)
A3: =IF('ORDER VS WEEK DISTRIBUTION'!A3="","",'ORDER VS WEEK DISTRIBUTION'!A3) | B3: =IF('ORDER VS WEEK DISTRIBUTION'!B11="","",'ORDER VS WEEK DISTRIBUTION'!B11) | C3: =IF('ORDER VS WEEK DISTRIBUTION'!C11="","",'ORDER VS WEEK DISTRIBUTION'!C11) | D3: =IF('ORDER VS WEEK DISTRIBUTION'!D11="","",'ORDER VS WEEK DISTRIBUTION'!D11) | E3: =IF('ORDER VS WEEK DISTRIBUTION'!E11="","",'ORDER VS WEEK DISTRIBUTION'!E11) | F3: =IF('ORDER VS WEEK DISTRIBUTION'!F11="","",'ORDER VS WEEK DISTRIBUTION'!F11) | G3: =IF('ORDER VS WEEK DISTRIBUTION'!G11="","",'ORDER VS WEEK DISTRIBUTION'!G11) | H3: =IF('ORDER VS WEEK DISTRIBUTION'!U11="","",'ORDER VS WEEK DISTRIBUTION'!U11) | I3: =IF('ORDER VS WEEK DISTRIBUTION'!V11="","",'ORDER VS WEEK DISTRIBUTION'!V11) | J3: =IF('ORDER VS WEEK DISTRIBUTION'!W11="","",'ORDER VS WEEK DISTRIBUTION'!W11) | K3: =IF('ORDER VS WEEK DISTRIBUTION'!X11="","",'ORDER VS WEEK DISTRIBUTION'!X11) | L3: =IF('ORDER VS WEEK DISTRIBUTION'!Y11="","",'ORDER VS WEEK DISTRIBUTION'!Y11) | M3: =IF('ORDER VS WEEK DISTRIBUTION'!Z11="","",'ORDER VS WEEK DISTRIBUTION'!Z11) | N3: =IF('ORDER VS WEEK DISTRIBUTION'!AA11="","",'ORDER VS WEEK DISTRIBUTION'!AA11) | O3: =IF('ORDER VS WEEK DISTRIBUTION'!AB11="","",'ORDER VS WEEK DISTRIBUTION'!AB11) | ... S3: =IF('ORDER VS WEEK DISTRIBUTION'!AF11="","",'ORDER VS WEEK DISTRIBUTION'!AF11)
C4: =IF('ORDER VS WEEK DISTRIBUTION'!C12="","",'ORDER VS WEEK DISTRIBUTION'!C12) | D4: =IF('ORDER VS WEEK DISTRIBUTION'!D12="","",'ORDER VS WEEK DISTRIBUTION'!D12) | E4: =IF('ORDER VS WEEK DISTRIBUTION'!E12="","",'ORDER VS WEEK DISTRIBUTION'!E12) | F4: =IF('ORDER VS WEEK DISTRIBUTION'!F12="","",'ORDER VS WEEK DISTRIBUTION'!F12) | G4: =IF('ORDER VS WEEK DISTRIBUTION'!G12="","",'ORDER VS WEEK DISTRIBUTION'!G12) | H4: =IF('ORDER VS WEEK DISTRIBUTION'!U12="","",'ORDER VS WEEK DISTRIBUTION'!U12) | I4: =IF('ORDER VS WEEK DISTRIBUTION'!V12="","",'ORDER VS WEEK DISTRIBUTION'!V12) | J4: =IF('ORDER VS WEEK DISTRIBUTION'!W12="","",'ORDER VS WEEK DISTRIBUTION'!W12) | K4: =IF('ORDER VS WEEK DISTRIBUTION'!X12="","",'ORDER VS WEEK DISTRIBUTION'!X12) | L4: =IF('ORDER VS WEEK DISTRIBUTION'!Y12="","",'ORDER VS WEEK DISTRIBUTION'!Y12) | M4: =IF('ORDER VS WEEK DISTRIBUTION'!Z12="","",'ORDER VS WEEK DISTRIBUTION'!Z12) | N4: =IF('ORDER VS WEEK DISTRIBUTION'!AA12="","",'ORDER VS WEEK DISTRIBUTION'!AA12) | O4: =IF('ORDER VS WEEK DISTRIBUTION'!AB12="","",'ORDER VS WEEK DISTRIBUTION'!AB12) | ... S4: =IF('ORDER VS WEEK DISTRIBUTION'!AF12="","",'ORDER VS WEEK DISTRIBUTION'!AF12)
C5: =IF('ORDER VS WEEK DISTRIBUTION'!C13="","",'ORDER VS WEEK DISTRIBUTION'!C13) | D5: =IF('ORDER VS WEEK DISTRIBUTION'!D13="","",'ORDER VS WEEK DISTRIBUTION'!D13) | E5: =IF('ORDER VS WEEK DISTRIBUTION'!E13="","",'ORDER VS WEEK DISTRIBUTION'!E13) | F5: =IF('ORDER VS WEEK DISTRIBUTION'!F13="","",'ORDER VS WEEK DISTRIBUTION'!F13) | G5: =IF('ORDER VS WEEK DISTRIBUTION'!G13="","",'ORDER VS WEEK DISTRIBUTION'!G13) | H5: =IF('ORDER VS WEEK DISTRIBUTION'!U13="","",'ORDER VS WEEK DISTRIBUTION'!U13) | I5: =IF('ORDER VS WEEK DISTRIBUTION'!V13="","",'ORDER VS WEEK DISTRIBUTION'!V13) | J5: =IF('ORDER VS WEEK DISTRIBUTION'!W13="","",'ORDER VS WEEK DISTRIBUTION'!W13) | K5: =IF('ORDER VS WEEK DISTRIBUTION'!X13="","",'ORDER VS WEEK DISTRIBUTION'!X13) | L5: =IF('ORDER VS WEEK DISTRIBUTION'!Y13="","",'ORDER VS WEEK DISTRIBUTION'!Y13) | M5: =IF('ORDER VS WEEK DISTRIBUTION'!Z13="","",'ORDER VS WEEK DISTRIBUTION'!Z13) | N5: =IF('ORDER VS WEEK DISTRIBUTION'!AA13="","",'ORDER VS WEEK DISTRIBUTION'!AA13) | O5: =IF('ORDER VS WEEK DISTRIBUTION'!AB13="","",'ORDER VS WEEK DISTRIBUTION'!AB13) | ... S5: =IF('ORDER VS WEEK DISTRIBUTION'!AF13="","",'ORDER VS WEEK DISTRIBUTION'!AF13)
D6: =IF('ORDER VS WEEK DISTRIBUTION'!D14="","",'ORDER VS WEEK DISTRIBUTION'!D14) | E6: =IF('ORDER VS WEEK DISTRIBUTION'!E14="","",'ORDER VS WEEK DISTRIBUTION'!E14) | F6: =IF('ORDER VS WEEK DISTRIBUTION'!F14="","",'ORDER VS WEEK DISTRIBUTION'!F14) | G6: =IF('ORDER VS WEEK DISTRIBUTION'!G14="","",'ORDER VS WEEK DISTRIBUTION'!G14) | H6: =IF('ORDER VS WEEK DISTRIBUTION'!U14="","",'ORDER VS WEEK DISTRIBUTION'!U14) | I6: =IF('ORDER VS WEEK DISTRIBUTION'!V14="","",'ORDER VS WEEK DISTRIBUTION'!V14) | J6: =IF('ORDER VS WEEK DISTRIBUTION'!W14="","",'ORDER VS WEEK DISTRIBUTION'!W14) | K6: =IF('ORDER VS WEEK DISTRIBUTION'!X14="","",'ORDER VS WEEK DISTRIBUTION'!X14) | L6: =IF('ORDER VS WEEK DISTRIBUTION'!Y14="","",'ORDER VS WEEK DISTRIBUTION'!Y14) | M6: =IF('ORDER VS WEEK DISTRIBUTION'!Z14="","",'ORDER VS WEEK DISTRIBUTION'!Z14) | N6: =IF('ORDER VS WEEK DISTRIBUTION'!AA14="","",'ORDER VS WEEK DISTRIBUTION'!AA14) | O6: =IF('ORDER VS WEEK DISTRIBUTION'!AB14="","",'ORDER VS WEEK DISTRIBUTION'!AB14) | ... S6: =IF('ORDER VS WEEK DISTRIBUTION'!AF14="","",'ORDER VS WEEK DISTRIBUTION'!AF14)
B7: =IF('ORDER VS WEEK DISTRIBUTION'!B15="","",'ORDER VS WEEK DISTRIBUTION'!B15) | C7: =IF('ORDER VS WEEK DISTRIBUTION'!C15="","",'ORDER VS WEEK DISTRIBUTION'!C15) | D7: =IF('ORDER VS WEEK DISTRIBUTION'!D15="","",'ORDER VS WEEK DISTRIBUTION'!D15) | E7: =IF('ORDER VS WEEK DISTRIBUTION'!E15="","",'ORDER VS WEEK DISTRIBUTION'!E15) | F7: =IF('ORDER VS WEEK DISTRIBUTION'!F15="","",'ORDER VS WEEK DISTRIBUTION'!F15) | G7: =IF('ORDER VS WEEK DISTRIBUTION'!G15="","",'ORDER VS WEEK DISTRIBUTION'!G15) | H7: =IF('ORDER VS WEEK DISTRIBUTION'!U15="","",'ORDER VS WEEK DISTRIBUTION'!U15) | I7: =IF('ORDER VS WEEK DISTRIBUTION'!V15="","",'ORDER VS WEEK DISTRIBUTION'!V15) | J7: =IF('ORDER VS WEEK DISTRIBUTION'!W15="","",'ORDER VS WEEK DISTRIBUTION'!W15) | K7: =IF('ORDER VS WEEK DISTRIBUTION'!X15="","",'ORDER VS WEEK DISTRIBUTION'!X15) | L7: =IF('ORDER VS WEEK DISTRIBUTION'!Y15="","",'ORDER VS WEEK DISTRIBUTION'!Y15) | M7: =IF('ORDER VS WEEK DISTRIBUTION'!Z15="","",'ORDER VS WEEK DISTRIBUTION'!Z15) | N7: =IF('ORDER VS WEEK DISTRIBUTION'!AA15="","",'ORDER VS WEEK DISTRIBUTION'!AA15) | O7: =IF('ORDER VS WEEK DISTRIBUTION'!AB15="","",'ORDER VS WEEK DISTRIBUTION'!AB15) | ... S7: =IF('ORDER VS WEEK DISTRIBUTION'!AF15="","",'ORDER VS WEEK DISTRIBUTION'!AF15)
C8: =IF('ORDER VS WEEK DISTRIBUTION'!C16="","",'ORDER VS WEEK DISTRIBUTION'!C16) | D8: =IF('ORDER VS WEEK DISTRIBUTION'!D16="","",'ORDER VS WEEK DISTRIBUTION'!D16) | E8: =IF('ORDER VS WEEK DISTRIBUTION'!E16="","",'ORDER VS WEEK DISTRIBUTION'!E16) | F8: =IF('ORDER VS WEEK DISTRIBUTION'!F16="","",'ORDER VS WEEK DISTRIBUTION'!F16) | G8: =IF('ORDER VS WEEK DISTRIBUTION'!G16="","",'ORDER VS WEEK DISTRIBUTION'!G16) | H8: =IF('ORDER VS WEEK DISTRIBUTION'!U16="","",'ORDER VS WEEK DISTRIBUTION'!U16) | I8: =IF('ORDER VS WEEK DISTRIBUTION'!V16="","",'ORDER VS WEEK DISTRIBUTION'!V16) | J8: =IF('ORDER VS WEEK DISTRIBUTION'!W16="","",'ORDER VS WEEK DISTRIBUTION'!W16) | K8: =IF('ORDER VS WEEK DISTRIBUTION'!X16="","",'ORDER VS WEEK DISTRIBUTION'!X16) | L8: =IF('ORDER VS WEEK DISTRIBUTION'!Y16="","",'ORDER VS WEEK DISTRIBUTION'!Y16) | M8: =IF('ORDER VS WEEK DISTRIBUTION'!Z16="","",'ORDER VS WEEK DISTRIBUTION'!Z16) | N8: =IF('ORDER VS WEEK DISTRIBUTION'!AA16="","",'ORDER VS WEEK DISTRIBUTION'!AA16) | O8: =IF('ORDER VS WEEK DISTRIBUTION'!AB16="","",'ORDER VS WEEK DISTRIBUTION'!AB16) | ... S8: =IF('ORDER VS WEEK DISTRIBUTION'!AF16="","",'ORDER VS WEEK DISTRIBUTION'!AF16)
C9: =IF('ORDER VS WEEK DISTRIBUTION'!C17="","",'ORDER VS WEEK DISTRIBUTION'!C17) | D9: =IF('ORDER VS WEEK DISTRIBUTION'!D17="","",'ORDER VS WEEK DISTRIBUTION'!D17) | E9: =IF('ORDER VS WEEK DISTRIBUTION'!E17="","",'ORDER VS WEEK DISTRIBUTION'!E17) | F9: =IF('ORDER VS WEEK DISTRIBUTION'!F17="","",'ORDER VS WEEK DISTRIBUTION'!F17) | G9: =IF('ORDER VS WEEK DISTRIBUTION'!G17="","",'ORDER VS WEEK DISTRIBUTION'!G17) | H9: =IF('ORDER VS WEEK DISTRIBUTION'!U17="","",'ORDER VS WEEK DISTRIBUTION'!U17) | I9: =IF('ORDER VS WEEK DISTRIBUTION'!V17="","",'ORDER VS WEEK DISTRIBUTION'!V17) | J9: =IF('ORDER VS WEEK DISTRIBUTION'!W17="","",'ORDER VS WEEK DISTRIBUTION'!W17) | K9: =IF('ORDER VS WEEK DISTRIBUTION'!X17="","",'ORDER VS WEEK DISTRIBUTION'!X17) | L9: =IF('ORDER VS WEEK DISTRIBUTION'!Y17="","",'ORDER VS WEEK DISTRIBUTION'!Y17) | M9: =IF('ORDER VS WEEK DISTRIBUTION'!Z17="","",'ORDER VS WEEK DISTRIBUTION'!Z17) | N9: =IF('ORDER VS WEEK DISTRIBUTION'!AA17="","",'ORDER VS WEEK DISTRIBUTION'!AA17) | O9: =IF('ORDER VS WEEK DISTRIBUTION'!AB17="","",'ORDER VS WEEK DISTRIBUTION'!AB17) | ... S9: =IF('ORDER VS WEEK DISTRIBUTION'!AF17="","",'ORDER VS WEEK DISTRIBUTION'!AF17)
C10: =IF('ORDER VS WEEK DISTRIBUTION'!C18="","",'ORDER VS WEEK DISTRIBUTION'!C18) | D10: =IF('ORDER VS WEEK DISTRIBUTION'!D18="","",'ORDER VS WEEK DISTRIBUTION'!D18) | E10: =IF('ORDER VS WEEK DISTRIBUTION'!E18="","",'ORDER VS WEEK DISTRIBUTION'!E18) | F10: =IF('ORDER VS WEEK DISTRIBUTION'!F18="","",'ORDER VS WEEK DISTRIBUTION'!F18) | G10: =IF('ORDER VS WEEK DISTRIBUTION'!G18="","",'ORDER VS WEEK DISTRIBUTION'!G18) | H10: =IF('ORDER VS WEEK DISTRIBUTION'!U18="","",'ORDER VS WEEK DISTRIBUTION'!U18) | I10: =IF('ORDER VS WEEK DISTRIBUTION'!V18="","",'ORDER VS WEEK DISTRIBUTION'!V18) | J10: =IF('ORDER VS WEEK DISTRIBUTION'!W18="","",'ORDER VS WEEK DISTRIBUTION'!W18) | K10: =IF('ORDER VS WEEK DISTRIBUTION'!X18="","",'ORDER VS WEEK DISTRIBUTION'!X18) | L10: =IF('ORDER VS WEEK DISTRIBUTION'!Y18="","",'ORDER VS WEEK DISTRIBUTION'!Y18) | M10: =IF('ORDER VS WEEK DISTRIBUTION'!Z18="","",'ORDER VS WEEK DISTRIBUTION'!Z18) | N10: =IF('ORDER VS WEEK DISTRIBUTION'!AA18="","",'ORDER VS WEEK DISTRIBUTION'!AA18) | O10: =IF('ORDER VS WEEK DISTRIBUTION'!AB18="","",'ORDER VS WEEK DISTRIBUTION'!AB18) | ... S10: =IF('ORDER VS WEEK DISTRIBUTION'!AF18="","",'ORDER VS WEEK DISTRIBUTION'!AF18)
D11: =IF('ORDER VS WEEK DISTRIBUTION'!D19="","",'ORDER VS WEEK DISTRIBUTION'!D19) | E11: =IF('ORDER VS WEEK DISTRIBUTION'!E19="","",'ORDER VS WEEK DISTRIBUTION'!E19) | F11: =IF('ORDER VS WEEK DISTRIBUTION'!F19="","",'ORDER VS WEEK DISTRIBUTION'!F19) | G11: =IF('ORDER VS WEEK DISTRIBUTION'!G19="","",'ORDER VS WEEK DISTRIBUTION'!G19) | H11: =IF('ORDER VS WEEK DISTRIBUTION'!U19="","",'ORDER VS WEEK DISTRIBUTION'!U19) | I11: =IF('ORDER VS WEEK DISTRIBUTION'!V19="","",'ORDER VS WEEK DISTRIBUTION'!V19) | J11: =IF('ORDER VS WEEK DISTRIBUTION'!W19="","",'ORDER VS WEEK DISTRIBUTION'!W19) | K11: =IF('ORDER VS WEEK DISTRIBUTION'!X19="","",'ORDER VS WEEK DISTRIBUTION'!X19) | L11: =IF('ORDER VS WEEK DISTRIBUTION'!Y19="","",'ORDER VS WEEK DISTRIBUTION'!Y19) | M11: =IF('ORDER VS WEEK DISTRIBUTION'!Z19="","",'ORDER VS WEEK DISTRIBUTION'!Z19) | N11: =IF('ORDER VS WEEK DISTRIBUTION'!AA19="","",'ORDER VS WEEK DISTRIBUTION'!AA19) | O11: =IF('ORDER VS WEEK DISTRIBUTION'!AB19="","",'ORDER VS WEEK DISTRIBUTION'!AB19) | ... S11: =IF('ORDER VS WEEK DISTRIBUTION'!AF19="","",'ORDER VS WEEK DISTRIBUTION'!AF19)
C12: =IF('ORDER VS WEEK DISTRIBUTION'!C20="","",'ORDER VS WEEK DISTRIBUTION'!C20) | D12: =IF('ORDER VS WEEK DISTRIBUTION'!D20="","",'ORDER VS WEEK DISTRIBUTION'!D20) | E12: =IF('ORDER VS WEEK DISTRIBUTION'!E20="","",'ORDER VS WEEK DISTRIBUTION'!E20) | F12: =IF('ORDER VS WEEK DISTRIBUTION'!F20="","",'ORDER VS WEEK DISTRIBUTION'!F20) | G12: =IF('ORDER VS WEEK DISTRIBUTION'!G20="","",'ORDER VS WEEK DISTRIBUTION'!G20) | H12: =IF('ORDER VS WEEK DISTRIBUTION'!U20="","",'ORDER VS WEEK DISTRIBUTION'!U20) | I12: =IF('ORDER VS WEEK DISTRIBUTION'!V20="","",'ORDER VS WEEK DISTRIBUTION'!V20) | J12: =IF('ORDER VS WEEK DISTRIBUTION'!W20="","",'ORDER VS WEEK DISTRIBUTION'!W20) | K12: =IF('ORDER VS WEEK DISTRIBUTION'!X20="","",'ORDER VS WEEK DISTRIBUTION'!X20) | L12: =IF('ORDER VS WEEK DISTRIBUTION'!Y20="","",'ORDER VS WEEK DISTRIBUTION'!Y20) | M12: =IF('ORDER VS WEEK DISTRIBUTION'!Z20="","",'ORDER VS WEEK DISTRIBUTION'!Z20) | N12: =IF('ORDER VS WEEK DISTRIBUTION'!AA20="","",'ORDER VS WEEK DISTRIBUTION'!AA20) | O12: =IF('ORDER VS WEEK DISTRIBUTION'!AB20="","",'ORDER VS WEEK DISTRIBUTION'!AB20) | ... S12: =IF('ORDER VS WEEK DISTRIBUTION'!AF20="","",'ORDER VS WEEK DISTRIBUTION'!AF20)
C13: =IF('ORDER VS WEEK DISTRIBUTION'!C21="","",'ORDER VS WEEK DISTRIBUTION'!C21) | D13: =IF('ORDER VS WEEK DISTRIBUTION'!D21="","",'ORDER VS WEEK DISTRIBUTION'!D21) | E13: =IF('ORDER VS WEEK DISTRIBUTION'!E21="","",'ORDER VS WEEK DISTRIBUTION'!E21) | F13: =IF('ORDER VS WEEK DISTRIBUTION'!F21="","",'ORDER VS WEEK DISTRIBUTION'!F21) | G13: =IF('ORDER VS WEEK DISTRIBUTION'!G21="","",'ORDER VS WEEK DISTRIBUTION'!G21) | H13: =IF('ORDER VS WEEK DISTRIBUTION'!U21="","",'ORDER VS WEEK DISTRIBUTION'!U21) | I13: =IF('ORDER VS WEEK DISTRIBUTION'!V21="","",'ORDER VS WEEK DISTRIBUTION'!V21) | J13: =IF('ORDER VS WEEK DISTRIBUTION'!W21="","",'ORDER VS WEEK DISTRIBUTION'!W21) | K13: =IF('ORDER VS WEEK DISTRIBUTION'!X21="","",'ORDER VS WEEK DISTRIBUTION'!X21) | L13: =IF('ORDER VS WEEK DISTRIBUTION'!Y21="","",'ORDER VS WEEK DISTRIBUTION'!Y21) | M13: =IF('ORDER VS WEEK DISTRIBUTION'!Z21="","",'ORDER VS WEEK DISTRIBUTION'!Z21) | N13: =IF('ORDER VS WEEK DISTRIBUTION'!AA21="","",'ORDER VS WEEK DISTRIBUTION'!AA21) | O13: =IF('ORDER VS WEEK DISTRIBUTION'!AB21="","",'ORDER VS WEEK DISTRIBUTION'!AB21) | ... S13: =IF('ORDER VS WEEK DISTRIBUTION'!AF21="","",'ORDER VS WEEK DISTRIBUTION'!AF21)
C14: =IF('ORDER VS WEEK DISTRIBUTION'!C22="","",'ORDER VS WEEK DISTRIBUTION'!C22) | D14: =IF('ORDER VS WEEK DISTRIBUTION'!D22="","",'ORDER VS WEEK DISTRIBUTION'!D22) | E14: =IF('ORDER VS WEEK DISTRIBUTION'!E22="","",'ORDER VS WEEK DISTRIBUTION'!E22) | F14: =IF('ORDER VS WEEK DISTRIBUTION'!F22="","",'ORDER VS WEEK DISTRIBUTION'!F22) | G14: =IF('ORDER VS WEEK DISTRIBUTION'!G22="","",'ORDER VS WEEK DISTRIBUTION'!G22) | H14: =IF('ORDER VS WEEK DISTRIBUTION'!U22="","",'ORDER VS WEEK DISTRIBUTION'!U22) | I14: =IF('ORDER VS WEEK DISTRIBUTION'!V22="","",'ORDER VS WEEK DISTRIBUTION'!V22) | J14: =IF('ORDER VS WEEK DISTRIBUTION'!W22="","",'ORDER VS WEEK DISTRIBUTION'!W22) | K14: =IF('ORDER VS WEEK DISTRIBUTION'!X22="","",'ORDER VS WEEK DISTRIBUTION'!X22) | L14: =IF('ORDER VS WEEK DISTRIBUTION'!Y22="","",'ORDER VS WEEK DISTRIBUTION'!Y22) | M14: =IF('ORDER VS WEEK DISTRIBUTION'!Z22="","",'ORDER VS WEEK DISTRIBUTION'!Z22) | N14: =IF('ORDER VS WEEK DISTRIBUTION'!AA22="","",'ORDER VS WEEK DISTRIBUTION'!AA22) | O14: =IF('ORDER VS WEEK DISTRIBUTION'!AB22="","",'ORDER VS WEEK DISTRIBUTION'!AB22) | ... S14: =IF('ORDER VS WEEK DISTRIBUTION'!AF22="","",'ORDER VS WEEK DISTRIBUTION'!AF22)
C15: =IF('ORDER VS WEEK DISTRIBUTION'!C23="","",'ORDER VS WEEK DISTRIBUTION'!C23) | D15: =IF('ORDER VS WEEK DISTRIBUTION'!D23="","",'ORDER VS WEEK DISTRIBUTION'!D23) | E15: =IF('ORDER VS WEEK DISTRIBUTION'!E23="","",'ORDER VS WEEK DISTRIBUTION'!E23) | F15: =IF('ORDER VS WEEK DISTRIBUTION'!F23="","",'ORDER VS WEEK DISTRIBUTION'!F23) | G15: =IF('ORDER VS WEEK DISTRIBUTION'!G23="","",'ORDER VS WEEK DISTRIBUTION'!G23) | H15: =IF('ORDER VS WEEK DISTRIBUTION'!U23="","",'ORDER VS WEEK DISTRIBUTION'!U23) | I15: =IF('ORDER VS WEEK DISTRIBUTION'!V23="","",'ORDER VS WEEK DISTRIBUTION'!V23) | J15: =IF('ORDER VS WEEK DISTRIBUTION'!W23="","",'ORDER VS WEEK DISTRIBUTION'!W23) | K15: =IF('ORDER VS WEEK DISTRIBUTION'!X23="","",'ORDER VS WEEK DISTRIBUTION'!X23) | L15: =IF('ORDER VS WEEK DISTRIBUTION'!Y23="","",'ORDER VS WEEK DISTRIBUTION'!Y23) | M15: =IF('ORDER VS WEEK DISTRIBUTION'!Z23="","",'ORDER VS WEEK DISTRIBUTION'!Z23) | N15: =IF('ORDER VS WEEK DISTRIBUTION'!AA23="","",'ORDER VS WEEK DISTRIBUTION'!AA23) | O15: =IF('ORDER VS WEEK DISTRIBUTION'!AB23="","",'ORDER VS WEEK DISTRIBUTION'!AB23) | ... S15: =IF('ORDER VS WEEK DISTRIBUTION'!AF23="","",'ORDER VS WEEK DISTRIBUTION'!AF23)
D16: =IF('ORDER VS WEEK DISTRIBUTION'!D24="","",'ORDER VS WEEK DISTRIBUTION'!D24) | E16: =IF('ORDER VS WEEK DISTRIBUTION'!E24="","",'ORDER VS WEEK DISTRIBUTION'!E24) | F16: =IF('ORDER VS WEEK DISTRIBUTION'!F24="","",'ORDER VS WEEK DISTRIBUTION'!F24) | G16: =IF('ORDER VS WEEK DISTRIBUTION'!G24="","",'ORDER VS WEEK DISTRIBUTION'!G24) | H16: =IF('ORDER VS WEEK DISTRIBUTION'!U24="","",'ORDER VS WEEK DISTRIBUTION'!U24) | I16: =IF('ORDER VS WEEK DISTRIBUTION'!V24="","",'ORDER VS WEEK DISTRIBUTION'!V24) | J16: =IF('ORDER VS WEEK DISTRIBUTION'!W24="","",'ORDER VS WEEK DISTRIBUTION'!W24) | K16: =IF('ORDER VS WEEK DISTRIBUTION'!X24="","",'ORDER VS WEEK DISTRIBUTION'!X24) | L16: =IF('ORDER VS WEEK DISTRIBUTION'!Y24="","",'ORDER VS WEEK DISTRIBUTION'!Y24) | M16: =IF('ORDER VS WEEK DISTRIBUTION'!Z24="","",'ORDER VS WEEK DISTRIBUTION'!Z24) | N16: =IF('ORDER VS WEEK DISTRIBUTION'!AA24="","",'ORDER VS WEEK DISTRIBUTION'!AA24) | O16: =IF('ORDER VS WEEK DISTRIBUTION'!AB24="","",'ORDER VS WEEK DISTRIBUTION'!AB24) | ... S16: =IF('ORDER VS WEEK DISTRIBUTION'!AF24="","",'ORDER VS WEEK DISTRIBUTION'!AF24)
A17: =IF('ORDER VS WEEK DISTRIBUTION'!A34="","",'ORDER VS WEEK DISTRIBUTION'!A34) | C17: =IF('ORDER VS WEEK DISTRIBUTION'!C38="","",'ORDER VS WEEK DISTRIBUTION'!C38) | D17: =IF('ORDER VS WEEK DISTRIBUTION'!D38="","",'ORDER VS WEEK DISTRIBUTION'!D38) | E17: =IF('ORDER VS WEEK DISTRIBUTION'!E38="","",'ORDER VS WEEK DISTRIBUTION'!E38) | F17: =IF('ORDER VS WEEK DISTRIBUTION'!F38="","",'ORDER VS WEEK DISTRIBUTION'!F38) | G17: =IF('ORDER VS WEEK DISTRIBUTION'!G38="","",'ORDER VS WEEK DISTRIBUTION'!G38) | H17: =IF('ORDER VS WEEK DISTRIBUTION'!U38="","",'ORDER VS WEEK DISTRIBUTION'!U38) | I17: =IF('ORDER VS WEEK DISTRIBUTION'!V38="","",'ORDER VS WEEK DISTRIBUTION'!V38) | J17: =IF('ORDER VS WEEK DISTRIBUTION'!W38="","",'ORDER VS WEEK DISTRIBUTION'!W38) | K17: =IF('ORDER VS WEEK DISTRIBUTION'!X38="","",'ORDER VS WEEK DISTRIBUTION'!X38) | L17: =IF('ORDER VS WEEK DISTRIBUTION'!Y38="","",'ORDER VS WEEK DISTRIBUTION'!Y38) | M17: =IF('ORDER VS WEEK DISTRIBUTION'!Z38="","",'ORDER VS WEEK DISTRIBUTION'!Z38) | N17: =IF('ORDER VS WEEK DISTRIBUTION'!AA38="","",'ORDER VS WEEK DISTRIBUTION'!AA38) | O17: =IF('ORDER VS WEEK DISTRIBUTION'!AB38="","",'ORDER VS WEEK DISTRIBUTION'!AB38) | ... S17: =IF('ORDER VS WEEK DISTRIBUTION'!AF38="","",'ORDER VS WEEK DISTRIBUTION'!AF38)
C18: =IF('ORDER VS WEEK DISTRIBUTION'!C39="","",'ORDER VS WEEK DISTRIBUTION'!C39) | D18: =IF('ORDER VS WEEK DISTRIBUTION'!D39="","",'ORDER VS WEEK DISTRIBUTION'!D39) | E18: =IF('ORDER VS WEEK DISTRIBUTION'!E39="","",'ORDER VS WEEK DISTRIBUTION'!E39) | F18: =IF('ORDER VS WEEK DISTRIBUTION'!F39="","",'ORDER VS WEEK DISTRIBUTION'!F39) | G18: =IF('ORDER VS WEEK DISTRIBUTION'!G39="","",'ORDER VS WEEK DISTRIBUTION'!G39) | H18: =IF('ORDER VS WEEK DISTRIBUTION'!U39="","",'ORDER VS WEEK DISTRIBUTION'!U39) | I18: =IF('ORDER VS WEEK DISTRIBUTION'!V39="","",'ORDER VS WEEK DISTRIBUTION'!V39) | J18: =IF('ORDER VS WEEK DISTRIBUTION'!W39="","",'ORDER VS WEEK DISTRIBUTION'!W39) | K18: =IF('ORDER VS WEEK DISTRIBUTION'!X39="","",'ORDER VS WEEK DISTRIBUTION'!X39) | L18: =IF('ORDER VS WEEK DISTRIBUTION'!Y39="","",'ORDER VS WEEK DISTRIBUTION'!Y39) | M18: =IF('ORDER VS WEEK DISTRIBUTION'!Z39="","",'ORDER VS WEEK DISTRIBUTION'!Z39) | N18: =IF('ORDER VS WEEK DISTRIBUTION'!AA39="","",'ORDER VS WEEK DISTRIBUTION'!AA39) | O18: =IF('ORDER VS WEEK DISTRIBUTION'!AB39="","",'ORDER VS WEEK DISTRIBUTION'!AB39) | ... S18: =IF('ORDER VS WEEK DISTRIBUTION'!AF39="","",'ORDER VS WEEK DISTRIBUTION'!AF39)
C19: =IF('ORDER VS WEEK DISTRIBUTION'!C40="","",'ORDER VS WEEK DISTRIBUTION'!C40) | D19: =IF('ORDER VS WEEK DISTRIBUTION'!D40="","",'ORDER VS WEEK DISTRIBUTION'!D40) | E19: =IF('ORDER VS WEEK DISTRIBUTION'!E40="","",'ORDER VS WEEK DISTRIBUTION'!E40) | F19: =IF('ORDER VS WEEK DISTRIBUTION'!F40="","",'ORDER VS WEEK DISTRIBUTION'!F40) | G19: =IF('ORDER VS WEEK DISTRIBUTION'!G40="","",'ORDER VS WEEK DISTRIBUTION'!G40) | H19: =IF('ORDER VS WEEK DISTRIBUTION'!U40="","",'ORDER VS WEEK DISTRIBUTION'!U40) | I19: =IF('ORDER VS WEEK DISTRIBUTION'!V40="","",'ORDER VS WEEK DISTRIBUTION'!V40) | J19: =IF('ORDER VS WEEK DISTRIBUTION'!W40="","",'ORDER VS WEEK DISTRIBUTION'!W40) | K19: =IF('ORDER VS WEEK DISTRIBUTION'!X40="","",'ORDER VS WEEK DISTRIBUTION'!X40) | L19: =IF('ORDER VS WEEK DISTRIBUTION'!Y40="","",'ORDER VS WEEK DISTRIBUTION'!Y40) | M19: =IF('ORDER VS WEEK DISTRIBUTION'!Z40="","",'ORDER VS WEEK DISTRIBUTION'!Z40) | N19: =IF('ORDER VS WEEK DISTRIBUTION'!AA40="","",'ORDER VS WEEK DISTRIBUTION'!AA40) | O19: =IF('ORDER VS WEEK DISTRIBUTION'!AB40="","",'ORDER VS WEEK DISTRIBUTION'!AB40) | ... S19: =IF('ORDER VS WEEK DISTRIBUTION'!AF40="","",'ORDER VS WEEK DISTRIBUTION'!AF40)
C20: =IF('ORDER VS WEEK DISTRIBUTION'!C41="","",'ORDER VS WEEK DISTRIBUTION'!C41) | D20: =IF('ORDER VS WEEK DISTRIBUTION'!D41="","",'ORDER VS WEEK DISTRIBUTION'!D41) | E20: =IF('ORDER VS WEEK DISTRIBUTION'!E41="","",'ORDER VS WEEK DISTRIBUTION'!E41) | F20: =IF('ORDER VS WEEK DISTRIBUTION'!F41="","",'ORDER VS WEEK DISTRIBUTION'!F41) | G20: =IF('ORDER VS WEEK DISTRIBUTION'!G41="","",'ORDER VS WEEK DISTRIBUTION'!G41) | H20: =IF('ORDER VS WEEK DISTRIBUTION'!U41="","",'ORDER VS WEEK DISTRIBUTION'!U41) | I20: =IF('ORDER VS WEEK DISTRIBUTION'!V41="","",'ORDER VS WEEK DISTRIBUTION'!V41) | J20: =IF('ORDER VS WEEK DISTRIBUTION'!W41="","",'ORDER VS WEEK DISTRIBUTION'!W41) | K20: =IF('ORDER VS WEEK DISTRIBUTION'!X41="","",'ORDER VS WEEK DISTRIBUTION'!X41) | L20: =IF('ORDER VS WEEK DISTRIBUTION'!Y41="","",'ORDER VS WEEK DISTRIBUTION'!Y41) | M20: =IF('ORDER VS WEEK DISTRIBUTION'!Z41="","",'ORDER VS WEEK DISTRIBUTION'!Z41) | N20: =IF('ORDER VS WEEK DISTRIBUTION'!AA41="","",'ORDER VS WEEK DISTRIBUTION'!AA41) | O20: =IF('ORDER VS WEEK DISTRIBUTION'!AB41="","",'ORDER VS WEEK DISTRIBUTION'!AB41) | ... S20: =IF('ORDER VS WEEK DISTRIBUTION'!AF41="","",'ORDER VS WEEK DISTRIBUTION'!AF41)
D21: =IF('ORDER VS WEEK DISTRIBUTION'!D42="","",'ORDER VS WEEK DISTRIBUTION'!D42) | E21: =IF('ORDER VS WEEK DISTRIBUTION'!E42="","",'ORDER VS WEEK DISTRIBUTION'!E42) | F21: =IF('ORDER VS WEEK DISTRIBUTION'!F42="","",'ORDER VS WEEK DISTRIBUTION'!F42) | G21: =IF('ORDER VS WEEK DISTRIBUTION'!G42="","",'ORDER VS WEEK DISTRIBUTION'!G42) | H21: =IF('ORDER VS WEEK DISTRIBUTION'!U42="","",'ORDER VS WEEK DISTRIBUTION'!U42) | I21: =IF('ORDER VS WEEK DISTRIBUTION'!V42="","",'ORDER VS WEEK DISTRIBUTION'!V42) | J21: =IF('ORDER VS WEEK DISTRIBUTION'!W42="","",'ORDER VS WEEK DISTRIBUTION'!W42) | K21: =IF('ORDER VS WEEK DISTRIBUTION'!X42="","",'ORDER VS WEEK DISTRIBUTION'!X42) | L21: =IF('ORDER VS WEEK DISTRIBUTION'!Y42="","",'ORDER VS WEEK DISTRIBUTION'!Y42) | M21: =IF('ORDER VS WEEK DISTRIBUTION'!Z42="","",'ORDER VS WEEK DISTRIBUTION'!Z42) | N21: =IF('ORDER VS WEEK DISTRIBUTION'!AA42="","",'ORDER VS WEEK DISTRIBUTION'!AA42) | O21: =IF('ORDER VS WEEK DISTRIBUTION'!AB42="","",'ORDER VS WEEK DISTRIBUTION'!AB42) | ... S21: =IF('ORDER VS WEEK DISTRIBUTION'!AF42="","",'ORDER VS WEEK DISTRIBUTION'!AF42)

Sheet USA
A1: Order Vs Week Distribution | H1: Based on Order Qty
A2: =IF('ORDER VS WEEK DISTRIBUTION'!A2="","",'ORDER VS WEEK DISTRIBUTION'!A2) | B2: =IF('ORDER VS WEEK DISTRIBUTION'!B2="","",'ORDER VS WEEK DISTRIBUTION'!B2) | C2: =IF('ORDER VS WEEK DISTRIBUTION'!C2="","",'ORDER VS WEEK DISTRIBUTION'!C2) | D2: =IF('ORDER VS WEEK DISTRIBUTION'!D2="","",'ORDER VS WEEK DISTRIBUTION'!D2) | E2: =IF('ORDER VS WEEK DISTRIBUTION'!E2="","",'ORDER VS WEEK DISTRIBUTION'!E2) | F2: =IF('ORDER VS WEEK DISTRIBUTION'!F2="","",'ORDER VS WEEK DISTRIBUTION'!F2) | G2: =IF('ORDER VS WEEK DISTRIBUTION'!G2="","",'ORDER VS WEEK DISTRIBUTION'!G2) | H2: =IF('ORDER VS WEEK DISTRIBUTION'!U2="","",'ORDER VS WEEK DISTRIBUTION'!U2) | I2: =IF('ORDER VS WEEK DISTRIBUTION'!V2="","",'ORDER VS WEEK DISTRIBUTION'!V2) | J2: =IF('ORDER VS WEEK DISTRIBUTION'!W2="","",'ORDER VS WEEK DISTRIBUTION'!W2) | K2: =IF('ORDER VS WEEK DISTRIBUTION'!X2="","",'ORDER VS WEEK DISTRIBUTION'!X2) | L2: =IF('ORDER VS WEEK DISTRIBUTION'!Y2="","",'ORDER VS WEEK DISTRIBUTION'!Y2) | M2: =IF('ORDER VS WEEK DISTRIBUTION'!Z2="","",'ORDER VS WEEK DISTRIBUTION'!Z2) | N2: =IF('ORDER VS WEEK DISTRIBUTION'!AA2="","",'ORDER VS WEEK DISTRIBUTION'!AA2) | O2: =IF('ORDER VS WEEK DISTRIBUTION'!AB2="","",'ORDER VS WEEK DISTRIBUTION'!AB2) | ... S2: =IF('ORDER VS WEEK DISTRIBUTION'!AF2="","",'ORDER VS WEEK DISTRIBUTION'!AF2)
A3: =IF('ORDER VS WEEK DISTRIBUTION'!A3="","",'ORDER VS WEEK DISTRIBUTION'!A3) | B3: =IF('ORDER VS WEEK DISTRIBUTION'!B29="","",'ORDER VS WEEK DISTRIBUTION'!B29) | C3: =IF('ORDER VS WEEK DISTRIBUTION'!C29="","",'ORDER VS WEEK DISTRIBUTION'!C29) | D3: =IF('ORDER VS WEEK DISTRIBUTION'!D29="","",'ORDER VS WEEK DISTRIBUTION'!D29) | E3: =IF('ORDER VS WEEK DISTRIBUTION'!E29="","",'ORDER VS WEEK DISTRIBUTION'!E29) | F3: =IF('ORDER VS WEEK DISTRIBUTION'!F29="","",'ORDER VS WEEK DISTRIBUTION'!F29) | G3: =IF('ORDER VS WEEK DISTRIBUTION'!G29="","",'ORDER VS WEEK DISTRIBUTION'!G29) | H3: =IF('ORDER VS WEEK DISTRIBUTION'!U29="","",'ORDER VS WEEK DISTRIBUTION'!U29) | I3: =IF('ORDER VS WEEK DISTRIBUTION'!V29="","",'ORDER VS WEEK DISTRIBUTION'!V29) | J3: =IF('ORDER VS WEEK DISTRIBUTION'!W29="","",'ORDER VS WEEK DISTRIBUTION'!W29) | K3: =IF('ORDER VS WEEK DISTRIBUTION'!X29="","",'ORDER VS WEEK DISTRIBUTION'!X29) | L3: =IF('ORDER VS WEEK DISTRIBUTION'!Y29="","",'ORDER VS WEEK DISTRIBUTION'!Y29) | M3: =IF('ORDER VS WEEK DISTRIBUTION'!Z29="","",'ORDER VS WEEK DISTRIBUTION'!Z29) | N3: =IF('ORDER VS WEEK DISTRIBUTION'!AA29="","",'ORDER VS WEEK DISTRIBUTION'!AA29) | O3: =IF('ORDER VS WEEK DISTRIBUTION'!AB29="","",'ORDER VS WEEK DISTRIBUTION'!AB29) | ... S3: =IF('ORDER VS WEEK DISTRIBUTION'!AF29="","",'ORDER VS WEEK DISTRIBUTION'!AF29)
C4: =IF('ORDER VS WEEK DISTRIBUTION'!C30="","",'ORDER VS WEEK DISTRIBUTION'!C30) | D4: =IF('ORDER VS WEEK DISTRIBUTION'!D30="","",'ORDER VS WEEK DISTRIBUTION'!D30) | E4: =IF('ORDER VS WEEK DISTRIBUTION'!E30="","",'ORDER VS WEEK DISTRIBUTION'!E30) | F4: =IF('ORDER VS WEEK DISTRIBUTION'!F30="","",'ORDER VS WEEK DISTRIBUTION'!F30) | G4: =IF('ORDER VS WEEK DISTRIBUTION'!G30="","",'ORDER VS WEEK DISTRIBUTION'!G30) | H4: =IF('ORDER VS WEEK DISTRIBUTION'!U30="","",'ORDER VS WEEK DISTRIBUTION'!U30) | I4: =IF('ORDER VS WEEK DISTRIBUTION'!V30="","",'ORDER VS WEEK DISTRIBUTION'!V30) | J4: =IF('ORDER VS WEEK DISTRIBUTION'!W30="","",'ORDER VS WEEK DISTRIBUTION'!W30) | K4: =IF('ORDER VS WEEK DISTRIBUTION'!X30="","",'ORDER VS WEEK DISTRIBUTION'!X30) | L4: =IF('ORDER VS WEEK DISTRIBUTION'!Y30="","",'ORDER VS WEEK DISTRIBUTION'!Y30) | M4: =IF('ORDER VS WEEK DISTRIBUTION'!Z30="","",'ORDER VS WEEK DISTRIBUTION'!Z30) | N4: =IF('ORDER VS WEEK DISTRIBUTION'!AA30="","",'ORDER VS WEEK DISTRIBUTION'!AA30) | O4: =IF('ORDER VS WEEK DISTRIBUTION'!AB30="","",'ORDER VS WEEK DISTRIBUTION'!AB30) | ... S4: =IF('ORDER VS WEEK DISTRIBUTION'!AF30="","",'ORDER VS WEEK DISTRIBUTION'!AF30)
C5: =IF('ORDER VS WEEK DISTRIBUTION'!C31="","",'ORDER VS WEEK DISTRIBUTION'!C31) | D5: =IF('ORDER VS WEEK DISTRIBUTION'!D31="","",'ORDER VS WEEK DISTRIBUTION'!D31) | E5: =IF('ORDER VS WEEK DISTRIBUTION'!E31="","",'ORDER VS WEEK DISTRIBUTION'!E31) | F5: =IF('ORDER VS WEEK DISTRIBUTION'!F31="","",'ORDER VS WEEK DISTRIBUTION'!F31) | G5: =IF('ORDER VS WEEK DISTRIBUTION'!G31="","",'ORDER VS WEEK DISTRIBUTION'!G31) | H5: =IF('ORDER VS WEEK DISTRIBUTION'!U31="","",'ORDER VS WEEK DISTRIBUTION'!U31) | I5: =IF('ORDER VS WEEK DISTRIBUTION'!V31="","",'ORDER VS WEEK DISTRIBUTION'!V31) | J5: =IF('ORDER VS WEEK DISTRIBUTION'!W31="","",'ORDER VS WEEK DISTRIBUTION'!W31) | K5: =IF('ORDER VS WEEK DISTRIBUTION'!X31="","",'ORDER VS WEEK DISTRIBUTION'!X31) | L5: =IF('ORDER VS WEEK DISTRIBUTION'!Y31="","",'ORDER VS WEEK DISTRIBUTION'!Y31) | M5: =IF('ORDER VS WEEK DISTRIBUTION'!Z31="","",'ORDER VS WEEK DISTRIBUTION'!Z31) | N5: =IF('ORDER VS WEEK DISTRIBUTION'!AA31="","",'ORDER VS WEEK DISTRIBUTION'!AA31) | O5: =IF('ORDER VS WEEK DISTRIBUTION'!AB31="","",'ORDER VS WEEK DISTRIBUTION'!AB31) | ... S5: =IF('ORDER VS WEEK DISTRIBUTION'!AF31="","",'ORDER VS WEEK DISTRIBUTION'!AF31)
C6: =IF('ORDER VS WEEK DISTRIBUTION'!C32="","",'ORDER VS WEEK DISTRIBUTION'!C32) | D6: =IF('ORDER VS WEEK DISTRIBUTION'!D32="","",'ORDER VS WEEK DISTRIBUTION'!D32) | E6: =IF('ORDER VS WEEK DISTRIBUTION'!E32="","",'ORDER VS WEEK DISTRIBUTION'!E32) | F6: =IF('ORDER VS WEEK DISTRIBUTION'!F32="","",'ORDER VS WEEK DISTRIBUTION'!F32) | G6: =IF('ORDER VS WEEK DISTRIBUTION'!G32="","",'ORDER VS WEEK DISTRIBUTION'!G32) | H6: =IF('ORDER VS WEEK DISTRIBUTION'!U32="","",'ORDER VS WEEK DISTRIBUTION'!U32) | I6: =IF('ORDER VS WEEK DISTRIBUTION'!V32="","",'ORDER VS WEEK DISTRIBUTION'!V32) | J6: =IF('ORDER VS WEEK DISTRIBUTION'!W32="","",'ORDER VS WEEK DISTRIBUTION'!W32) | K6: =IF('ORDER VS WEEK DISTRIBUTION'!X32="","",'ORDER VS WEEK DISTRIBUTION'!X32) | L6: =IF('ORDER VS WEEK DISTRIBUTION'!Y32="","",'ORDER VS WEEK DISTRIBUTION'!Y32) | M6: =IF('ORDER VS WEEK DISTRIBUTION'!Z32="","",'ORDER VS WEEK DISTRIBUTION'!Z32) | N6: =IF('ORDER VS WEEK DISTRIBUTION'!AA32="","",'ORDER VS WEEK DISTRIBUTION'!AA32) | O6: =IF('ORDER VS WEEK DISTRIBUTION'!AB32="","",'ORDER VS WEEK DISTRIBUTION'!AB32) | ... S6: =IF('ORDER VS WEEK DISTRIBUTION'!AF32="","",'ORDER VS WEEK DISTRIBUTION'!AF32)
D7: =IF('ORDER VS WEEK DISTRIBUTION'!D33="","",'ORDER VS WEEK DISTRIBUTION'!D33) | E7: =IF('ORDER VS WEEK DISTRIBUTION'!E33="","",'ORDER VS WEEK DISTRIBUTION'!E33) | F7: =IF('ORDER VS WEEK DISTRIBUTION'!F33="","",'ORDER VS WEEK DISTRIBUTION'!F33) | G7: =IF('ORDER VS WEEK DISTRIBUTION'!G33="","",'ORDER VS WEEK DISTRIBUTION'!G33) | H7: =IF('ORDER VS WEEK DISTRIBUTION'!U33="","",'ORDER VS WEEK DISTRIBUTION'!U33) | I7: =IF('ORDER VS WEEK DISTRIBUTION'!V33="","",'ORDER VS WEEK DISTRIBUTION'!V33) | J7: =IF('ORDER VS WEEK DISTRIBUTION'!W33="","",'ORDER VS WEEK DISTRIBUTION'!W33) | K7: =IF('ORDER VS WEEK DISTRIBUTION'!X33="","",'ORDER VS WEEK DISTRIBUTION'!X33) | L7: =IF('ORDER VS WEEK DISTRIBUTION'!Y33="","",'ORDER VS WEEK DISTRIBUTION'!Y33) | M7: =IF('ORDER VS WEEK DISTRIBUTION'!Z33="","",'ORDER VS WEEK DISTRIBUTION'!Z33) | N7: =IF('ORDER VS WEEK DISTRIBUTION'!AA33="","",'ORDER VS WEEK DISTRIBUTION'!AA33) | O7: =IF('ORDER VS WEEK DISTRIBUTION'!AB33="","",'ORDER VS WEEK DISTRIBUTION'!AB33) | ... S7: =IF('ORDER VS WEEK DISTRIBUTION'!AF33="","",'ORDER VS WEEK DISTRIBUTION'!AF33)
A8: =IF('ORDER VS WEEK DISTRIBUTION'!A34="","",'ORDER VS WEEK DISTRIBUTION'!A34) | C8: =IF('ORDER VS WEEK DISTRIBUTION'!C43="","",'ORDER VS WEEK DISTRIBUTION'!C43) | D8: =IF('ORDER VS WEEK DISTRIBUTION'!D43="","",'ORDER VS WEEK DISTRIBUTION'!D43) | E8: =IF('ORDER VS WEEK DISTRIBUTION'!E43="","",'ORDER VS WEEK DISTRIBUTION'!E43) | F8: =IF('ORDER VS WEEK DISTRIBUTION'!F43="","",'ORDER VS WEEK DISTRIBUTION'!F43) | G8: =IF('ORDER VS WEEK DISTRIBUTION'!G43="","",'ORDER VS WEEK DISTRIBUTION'!G43) | H8: =IF('ORDER VS WEEK DISTRIBUTION'!U43="","",'ORDER VS WEEK DISTRIBUTION'!U43) | I8: =IF('ORDER VS WEEK DISTRIBUTION'!V43="","",'ORDER VS WEEK DISTRIBUTION'!V43) | J8: =IF('ORDER VS WEEK DISTRIBUTION'!W43="","",'ORDER VS WEEK DISTRIBUTION'!W43) | K8: =IF('ORDER VS WEEK DISTRIBUTION'!X43="","",'ORDER VS WEEK DISTRIBUTION'!X43) | L8: =IF('ORDER VS WEEK DISTRIBUTION'!Y43="","",'ORDER VS WEEK DISTRIBUTION'!Y43) | M8: =IF('ORDER VS WEEK DISTRIBUTION'!Z43="","",'ORDER VS WEEK DISTRIBUTION'!Z43) | N8: =IF('ORDER VS WEEK DISTRIBUTION'!AA43="","",'ORDER VS WEEK DISTRIBUTION'!AA43) | O8: =IF('ORDER VS WEEK DISTRIBUTION'!AB43="","",'ORDER VS WEEK DISTRIBUTION'!AB43) | ... S8: =IF('ORDER VS WEEK DISTRIBUTION'!AF43="","",'ORDER VS WEEK DISTRIBUTION'!AF43)
C9: =IF('ORDER VS WEEK DISTRIBUTION'!C44="","",'ORDER VS WEEK DISTRIBUTION'!C44) | D9: =IF('ORDER VS WEEK DISTRIBUTION'!D44="","",'ORDER VS WEEK DISTRIBUTION'!D44) | E9: =IF('ORDER VS WEEK DISTRIBUTION'!E44="","",'ORDER VS WEEK DISTRIBUTION'!E44) | F9: =IF('ORDER VS WEEK DISTRIBUTION'!F44="","",'ORDER VS WEEK DISTRIBUTION'!F44) | G9: =IF('ORDER VS WEEK DISTRIBUTION'!G44="","",'ORDER VS WEEK DISTRIBUTION'!G44) | H9: =IF('ORDER VS WEEK DISTRIBUTION'!U44="","",'ORDER VS WEEK DISTRIBUTION'!U44) | I9: =IF('ORDER VS WEEK DISTRIBUTION'!V44="","",'ORDER VS WEEK DISTRIBUTION'!V44) | J9: =IF('ORDER VS WEEK DISTRIBUTION'!W44="","",'ORDER VS WEEK DISTRIBUTION'!W44) | K9: =IF('ORDER VS WEEK DISTRIBUTION'!X44="","",'ORDER VS WEEK DISTRIBUTION'!X44) | L9: =IF('ORDER VS WEEK DISTRIBUTION'!Y44="","",'ORDER VS WEEK DISTRIBUTION'!Y44) | M9: =IF('ORDER VS WEEK DISTRIBUTION'!Z44="","",'ORDER VS WEEK DISTRIBUTION'!Z44) | N9: =IF('ORDER VS WEEK DISTRIBUTION'!AA44="","",'ORDER VS WEEK DISTRIBUTION'!AA44) | O9: =IF('ORDER VS WEEK DISTRIBUTION'!AB44="","",'ORDER VS WEEK DISTRIBUTION'!AB44) | ... S9: =IF('ORDER VS WEEK DISTRIBUTION'!AF44="","",'ORDER VS WEEK DISTRIBUTION'!AF44)
C10: =IF('ORDER VS WEEK DISTRIBUTION'!C45="","",'ORDER VS WEEK DISTRIBUTION'!C45) | D10: =IF('ORDER VS WEEK DISTRIBUTION'!D45="","",'ORDER VS WEEK DISTRIBUTION'!D45) | E10: =IF('ORDER VS WEEK DISTRIBUTION'!E45="","",'ORDER VS WEEK DISTRIBUTION'!E45) | F10: =IF('ORDER VS WEEK DISTRIBUTION'!F45="","",'ORDER VS WEEK DISTRIBUTION'!F45) | G10: =IF('ORDER VS WEEK DISTRIBUTION'!G45="","",'ORDER VS WEEK DISTRIBUTION'!G45) | H10: =IF('ORDER VS WEEK DISTRIBUTION'!U45="","",'ORDER VS WEEK DISTRIBUTION'!U45) | I10: =IF('ORDER VS WEEK DISTRIBUTION'!V45="","",'ORDER VS WEEK DISTRIBUTION'!V45) | J10: =IF('ORDER VS WEEK DISTRIBUTION'!W45="","",'ORDER VS WEEK DISTRIBUTION'!W45) | K10: =IF('ORDER VS WEEK DISTRIBUTION'!X45="","",'ORDER VS WEEK DISTRIBUTION'!X45) | L10: =IF('ORDER VS WEEK DISTRIBUTION'!Y45="","",'ORDER VS WEEK DISTRIBUTION'!Y45) | M10: =IF('ORDER VS WEEK DISTRIBUTION'!Z45="","",'ORDER VS WEEK DISTRIBUTION'!Z45) | N10: =IF('ORDER VS WEEK DISTRIBUTION'!AA45="","",'ORDER VS WEEK DISTRIBUTION'!AA45) | O10: =IF('ORDER VS WEEK DISTRIBUTION'!AB45="","",'ORDER VS WEEK DISTRIBUTION'!AB45) | ... S10: =IF('ORDER VS WEEK DISTRIBUTION'!AF45="","",'ORDER VS WEEK DISTRIBUTION'!AF45)
C11: =IF('ORDER VS WEEK DISTRIBUTION'!C46="","",'ORDER VS WEEK DISTRIBUTION'!C46) | D11: =IF('ORDER VS WEEK DISTRIBUTION'!D46="","",'ORDER VS WEEK DISTRIBUTION'!D46) | E11: =IF('ORDER VS WEEK DISTRIBUTION'!E46="","",'ORDER VS WEEK DISTRIBUTION'!E46) | F11: =IF('ORDER VS WEEK DISTRIBUTION'!F46="","",'ORDER VS WEEK DISTRIBUTION'!F46) | G11: =IF('ORDER VS WEEK DISTRIBUTION'!G46="","",'ORDER VS WEEK DISTRIBUTION'!G46) | H11: =IF('ORDER VS WEEK DISTRIBUTION'!U46="","",'ORDER VS WEEK DISTRIBUTION'!U46) | I11: =IF('ORDER VS WEEK DISTRIBUTION'!V46="","",'ORDER VS WEEK DISTRIBUTION'!V46) | J11: =IF('ORDER VS WEEK DISTRIBUTION'!W46="","",'ORDER VS WEEK DISTRIBUTION'!W46) | K11: =IF('ORDER VS WEEK DISTRIBUTION'!X46="","",'ORDER VS WEEK DISTRIBUTION'!X46) | L11: =IF('ORDER VS WEEK DISTRIBUTION'!Y46="","",'ORDER VS WEEK DISTRIBUTION'!Y46) | M11: =IF('ORDER VS WEEK DISTRIBUTION'!Z46="","",'ORDER VS WEEK DISTRIBUTION'!Z46) | N11: =IF('ORDER VS WEEK DISTRIBUTION'!AA46="","",'ORDER VS WEEK DISTRIBUTION'!AA46) | O11: =IF('ORDER VS WEEK DISTRIBUTION'!AB46="","",'ORDER VS WEEK DISTRIBUTION'!AB46) | ... S11: =IF('ORDER VS WEEK DISTRIBUTION'!AF46="","",'ORDER VS WEEK DISTRIBUTION'!AF46)
D12: =IF('ORDER VS WEEK DISTRIBUTION'!D47="","",'ORDER VS WEEK DISTRIBUTION'!D47) | E12: =IF('ORDER VS WEEK DISTRIBUTION'!E47="","",'ORDER VS WEEK DISTRIBUTION'!E47) | F12: =IF('ORDER VS WEEK DISTRIBUTION'!F47="","",'ORDER VS WEEK DISTRIBUTION'!F47) | G12: =IF('ORDER VS WEEK DISTRIBUTION'!G47="","",'ORDER VS WEEK DISTRIBUTION'!G47) | H12: =IF('ORDER VS WEEK DISTRIBUTION'!U47="","",'ORDER VS WEEK DISTRIBUTION'!U47) | I12: =IF('ORDER VS WEEK DISTRIBUTION'!V47="","",'ORDER VS WEEK DISTRIBUTION'!V47) | J12: =IF('ORDER VS WEEK DISTRIBUTION'!W47="","",'ORDER VS WEEK DISTRIBUTION'!W47) | K12: =IF('ORDER VS WEEK DISTRIBUTION'!X47="","",'ORDER VS WEEK DISTRIBUTION'!X47) | L12: =IF('ORDER VS WEEK DISTRIBUTION'!Y47="","",'ORDER VS WEEK DISTRIBUTION'!Y47) | M12: =IF('ORDER VS WEEK DISTRIBUTION'!Z47="","",'ORDER VS WEEK DISTRIBUTION'!Z47) | N12: =IF('ORDER VS WEEK DISTRIBUTION'!AA47="","",'ORDER VS WEEK DISTRIBUTION'!AA47) | O12: =IF('ORDER VS WEEK DISTRIBUTION'!AB47="","",'ORDER VS WEEK DISTRIBUTION'!AB47) | ... S12: =IF('ORDER VS WEEK DISTRIBUTION'!AF47="","",'ORDER VS WEEK DISTRIBUTION'!AF47)
A13: =IF('ORDER VS WEEK DISTRIBUTION'!A48="","",'ORDER VS WEEK DISTRIBUTION'!A48) | C13: =IF('ORDER VS WEEK DISTRIBUTION'!C54="","",'ORDER VS WEEK DISTRIBUTION'!C54) | D13: =IF('ORDER VS WEEK DISTRIBUTION'!D54="","",'ORDER VS WEEK DISTRIBUTION'!D54) | E13: =IF('ORDER VS WEEK DISTRIBUTION'!E54="","",'ORDER VS WEEK DISTRIBUTION'!E54) | F13: =IF('ORDER VS WEEK DISTRIBUTION'!F54="","",'ORDER VS WEEK DISTRIBUTION'!F54) | G13: =IF('ORDER VS WEEK DISTRIBUTION'!G54="","",'ORDER VS WEEK DISTRIBUTION'!G54) | H13: =IF('ORDER VS WEEK DISTRIBUTION'!U54="","",'ORDER VS WEEK DISTRIBUTION'!U54) | I13: =IF('ORDER VS WEEK DISTRIBUTION'!V54="","",'ORDER VS WEEK DISTRIBUTION'!V54) | J13: =IF('ORDER VS WEEK DISTRIBUTION'!W54="","",'ORDER VS WEEK DISTRIBUTION'!W54) | K13: =IF('ORDER VS WEEK DISTRIBUTION'!X54="","",'ORDER VS WEEK DISTRIBUTION'!X54) | L13: =IF('ORDER VS WEEK DISTRIBUTION'!Y54="","",'ORDER VS WEEK DISTRIBUTION'!Y54) | M13: =IF('ORDER VS WEEK DISTRIBUTION'!Z54="","",'ORDER VS WEEK DISTRIBUTION'!Z54) | N13: =IF('ORDER VS WEEK DISTRIBUTION'!AA54="","",'ORDER VS WEEK DISTRIBUTION'!AA54) | O13: =IF('ORDER VS WEEK DISTRIBUTION'!AB54="","",'ORDER VS WEEK DISTRIBUTION'!AB54) | ... S13: =IF('ORDER VS WEEK DISTRIBUTION'!AF54="","",'ORDER VS WEEK DISTRIBUTION'!AF54)
C14: =IF('ORDER VS WEEK DISTRIBUTION'!C55="","",'ORDER VS WEEK DISTRIBUTION'!C55) | D14: =IF('ORDER VS WEEK DISTRIBUTION'!D55="","",'ORDER VS WEEK DISTRIBUTION'!D55) | E14: =IF('ORDER VS WEEK DISTRIBUTION'!E55="","",'ORDER VS WEEK DISTRIBUTION'!E55) | F14: =IF('ORDER VS WEEK DISTRIBUTION'!F55="","",'ORDER VS WEEK DISTRIBUTION'!F55) | G14: =IF('ORDER VS WEEK DISTRIBUTION'!G55="","",'ORDER VS WEEK DISTRIBUTION'!G55) | H14: =IF('ORDER VS WEEK DISTRIBUTION'!U55="","",'ORDER VS WEEK DISTRIBUTION'!U55) | I14: =IF('ORDER VS WEEK DISTRIBUTION'!V55="","",'ORDER VS WEEK DISTRIBUTION'!V55) | J14: =IF('ORDER VS WEEK DISTRIBUTION'!W55="","",'ORDER VS WEEK DISTRIBUTION'!W55) | K14: =IF('ORDER VS WEEK DISTRIBUTION'!X55="","",'ORDER VS WEEK DISTRIBUTION'!X55) | L14: =IF('ORDER VS WEEK DISTRIBUTION'!Y55="","",'ORDER VS WEEK DISTRIBUTION'!Y55) | M14: =IF('ORDER VS WEEK DISTRIBUTION'!Z55="","",'ORDER VS WEEK DISTRIBUTION'!Z55) | N14: =IF('ORDER VS WEEK DISTRIBUTION'!AA55="","",'ORDER VS WEEK DISTRIBUTION'!AA55) | O14: =IF('ORDER VS WEEK DISTRIBUTION'!AB55="","",'ORDER VS WEEK DISTRIBUTION'!AB55) | ... S14: =IF('ORDER VS WEEK DISTRIBUTION'!AF55="","",'ORDER VS WEEK DISTRIBUTION'!AF55)
C15: =IF('ORDER VS WEEK DISTRIBUTION'!C56="","",'ORDER VS WEEK DISTRIBUTION'!C56) | D15: =IF('ORDER VS WEEK DISTRIBUTION'!D56="","",'ORDER VS WEEK DISTRIBUTION'!D56) | E15: =IF('ORDER VS WEEK DISTRIBUTION'!E56="","",'ORDER VS WEEK DISTRIBUTION'!E56) | F15: =IF('ORDER VS WEEK DISTRIBUTION'!F56="","",'ORDER VS WEEK DISTRIBUTION'!F56) | G15: =IF('ORDER VS WEEK DISTRIBUTION'!G56="","",'ORDER VS WEEK DISTRIBUTION'!G56) | H15: =IF('ORDER VS WEEK DISTRIBUTION'!U56="","",'ORDER VS WEEK DISTRIBUTION'!U56) | I15: =IF('ORDER VS WEEK DISTRIBUTION'!V56="","",'ORDER VS WEEK DISTRIBUTION'!V56) | J15: =IF('ORDER VS WEEK DISTRIBUTION'!W56="","",'ORDER VS WEEK DISTRIBUTION'!W56) | K15: =IF('ORDER VS WEEK DISTRIBUTION'!X56="","",'ORDER VS WEEK DISTRIBUTION'!X56) | L15: =IF('ORDER VS WEEK DISTRIBUTION'!Y56="","",'ORDER VS WEEK DISTRIBUTION'!Y56) | M15: =IF('ORDER VS WEEK DISTRIBUTION'!Z56="","",'ORDER VS WEEK DISTRIBUTION'!Z56) | N15: =IF('ORDER VS WEEK DISTRIBUTION'!AA56="","",'ORDER VS WEEK DISTRIBUTION'!AA56) | O15: =IF('ORDER VS WEEK DISTRIBUTION'!AB56="","",'ORDER VS WEEK DISTRIBUTION'!AB56) | ... S15: =IF('ORDER VS WEEK DISTRIBUTION'!AF56="","",'ORDER VS WEEK DISTRIBUTION'!AF56)
C16: =IF('ORDER VS WEEK DISTRIBUTION'!C57="","",'ORDER VS WEEK DISTRIBUTION'!C57) | D16: =IF('ORDER VS WEEK DISTRIBUTION'!D57="","",'ORDER VS WEEK DISTRIBUTION'!D57) | E16: =IF('ORDER VS WEEK DISTRIBUTION'!E57="","",'ORDER VS WEEK DISTRIBUTION'!E57) | F16: =IF('ORDER VS WEEK DISTRIBUTION'!F57="","",'ORDER VS WEEK DISTRIBUTION'!F57) | G16: =IF('ORDER VS WEEK DISTRIBUTION'!G57="","",'ORDER VS WEEK DISTRIBUTION'!G57) | H16: =IF('ORDER VS WEEK DISTRIBUTION'!U57="","",'ORDER VS WEEK DISTRIBUTION'!U57) | I16: =IF('ORDER VS WEEK DISTRIBUTION'!V57="","",'ORDER VS WEEK DISTRIBUTION'!V57) | J16: =IF('ORDER VS WEEK DISTRIBUTION'!W57="","",'ORDER VS WEEK DISTRIBUTION'!W57) | K16: =IF('ORDER VS WEEK DISTRIBUTION'!X57="","",'ORDER VS WEEK DISTRIBUTION'!X57) | L16: =IF('ORDER VS WEEK DISTRIBUTION'!Y57="","",'ORDER VS WEEK DISTRIBUTION'!Y57) | M16: =IF('ORDER VS WEEK DISTRIBUTION'!Z57="","",'ORDER VS WEEK DISTRIBUTION'!Z57) | N16: =IF('ORDER VS WEEK DISTRIBUTION'!AA57="","",'ORDER VS WEEK DISTRIBUTION'!AA57) | O16: =IF('ORDER VS WEEK DISTRIBUTION'!AB57="","",'ORDER VS WEEK DISTRIBUTION'!AB57) | ... S16: =IF('ORDER VS WEEK DISTRIBUTION'!AF57="","",'ORDER VS WEEK DISTRIBUTION'!AF57)
D17: =IF('ORDER VS WEEK DISTRIBUTION'!D58="","",'ORDER VS WEEK DISTRIBUTION'!D58) | E17: =IF('ORDER VS WEEK DISTRIBUTION'!E58="","",'ORDER VS WEEK DISTRIBUTION'!E58) | F17: =IF('ORDER VS WEEK DISTRIBUTION'!F58="","",'ORDER VS WEEK DISTRIBUTION'!F58) | G17: =IF('ORDER VS WEEK DISTRIBUTION'!G58="","",'ORDER VS WEEK DISTRIBUTION'!G58) | H17: =IF('ORDER VS WEEK DISTRIBUTION'!U58="","",'ORDER VS WEEK DISTRIBUTION'!U58) | I17: =IF('ORDER VS WEEK DISTRIBUTION'!V58="","",'ORDER VS WEEK DISTRIBUTION'!V58) | J17: =IF('ORDER VS WEEK DISTRIBUTION'!W58="","",'ORDER VS WEEK DISTRIBUTION'!W58) | K17: =IF('ORDER VS WEEK DISTRIBUTION'!X58="","",'ORDER VS WEEK DISTRIBUTION'!X58) | L17: =IF('ORDER VS WEEK DISTRIBUTION'!Y58="","",'ORDER VS WEEK DISTRIBUTION'!Y58) | M17: =IF('ORDER VS WEEK DISTRIBUTION'!Z58="","",'ORDER VS WEEK DISTRIBUTION'!Z58) | N17: =IF('ORDER VS WEEK DISTRIBUTION'!AA58="","",'ORDER VS WEEK DISTRIBUTION'!AA58) | O17: =IF('ORDER VS WEEK DISTRIBUTION'!AB58="","",'ORDER VS WEEK DISTRIBUTION'!AB58) | ... S17: =IF('ORDER VS WEEK DISTRIBUTION'!AF58="","",'ORDER VS WEEK DISTRIBUTION'!AF58)
A18: =IF('ORDER VS WEEK DISTRIBUTION'!A59="","",'ORDER VS WEEK DISTRIBUTION'!A59) | C18: =IF('ORDER VS WEEK DISTRIBUTION'!C63="","",'ORDER VS WEEK DISTRIBUTION'!C63) | D18: =IF('ORDER VS WEEK DISTRIBUTION'!D63="","",'ORDER VS WEEK DISTRIBUTION'!D63) | E18: =IF('ORDER VS WEEK DISTRIBUTION'!E63="","",'ORDER VS WEEK DISTRIBUTION'!E63) | F18: =IF('ORDER VS WEEK DISTRIBUTION'!F63="","",'ORDER VS WEEK DISTRIBUTION'!F63) | G18: =IF('ORDER VS WEEK DISTRIBUTION'!G63="","",'ORDER VS WEEK DISTRIBUTION'!G63) | H18: =IF('ORDER VS WEEK DISTRIBUTION'!U63="","",'ORDER VS WEEK DISTRIBUTION'!U63) | I18: =IF('ORDER VS WEEK DISTRIBUTION'!V63="","",'ORDER VS WEEK DISTRIBUTION'!V63) | J18: =IF('ORDER VS WEEK DISTRIBUTION'!W63="","",'ORDER VS WEEK DISTRIBUTION'!W63) | K18: =IF('ORDER VS WEEK DISTRIBUTION'!X63="","",'ORDER VS WEEK DISTRIBUTION'!X63) | L18: =IF('ORDER VS WEEK DISTRIBUTION'!Y63="","",'ORDER VS WEEK DISTRIBUTION'!Y63) | M18: =IF('ORDER VS WEEK DISTRIBUTION'!Z63="","",'ORDER VS WEEK DISTRIBUTION'!Z63) | N18: =IF('ORDER VS WEEK DISTRIBUTION'!AA63="","",'ORDER VS WEEK DISTRIBUTION'!AA63) | O18: =IF('ORDER VS WEEK DISTRIBUTION'!AB63="","",'ORDER VS WEEK DISTRIBUTION'!AB63) | ... S18: =IF('ORDER VS WEEK DISTRIBUTION'!AF63="","",'ORDER VS WEEK DISTRIBUTION'!AF63)
C19: =IF('ORDER VS WEEK DISTRIBUTION'!C64="","",'ORDER VS WEEK DISTRIBUTION'!C64) | D19: =IF('ORDER VS WEEK DISTRIBUTION'!D64="","",'ORDER VS WEEK DISTRIBUTION'!D64) | E19: =IF('ORDER VS WEEK DISTRIBUTION'!E64="","",'ORDER VS WEEK DISTRIBUTION'!E64) | F19: =IF('ORDER VS WEEK DISTRIBUTION'!F64="","",'ORDER VS WEEK DISTRIBUTION'!F64) | G19: =IF('ORDER VS WEEK DISTRIBUTION'!G64="","",'ORDER VS WEEK DISTRIBUTION'!G64) | H19: =IF('ORDER VS WEEK DISTRIBUTION'!U64="","",'ORDER VS WEEK DISTRIBUTION'!U64) | I19: =IF('ORDER VS WEEK DISTRIBUTION'!V64="","",'ORDER VS WEEK DISTRIBUTION'!V64) | J19: =IF('ORDER VS WEEK DISTRIBUTION'!W64="","",'ORDER VS WEEK DISTRIBUTION'!W64) | K19: =IF('ORDER VS WEEK DISTRIBUTION'!X64="","",'ORDER VS WEEK DISTRIBUTION'!X64) | L19: =IF('ORDER VS WEEK DISTRIBUTION'!Y64="","",'ORDER VS WEEK DISTRIBUTION'!Y64) | M19: =IF('ORDER VS WEEK DISTRIBUTION'!Z64="","",'ORDER VS WEEK DISTRIBUTION'!Z64) | N19: =IF('ORDER VS WEEK DISTRIBUTION'!AA64="","",'ORDER VS WEEK DISTRIBUTION'!AA64) | O19: =IF('ORDER VS WEEK DISTRIBUTION'!AB64="","",'ORDER VS WEEK DISTRIBUTION'!AB64) | ... S19: =IF('ORDER VS WEEK DISTRIBUTION'!AF64="","",'ORDER VS WEEK DISTRIBUTION'!AF64)
C20: =IF('ORDER VS WEEK DISTRIBUTION'!C65="","",'ORDER VS WEEK DISTRIBUTION'!C65) | D20: =IF('ORDER VS WEEK DISTRIBUTION'!D65="","",'ORDER VS WEEK DISTRIBUTION'!D65) | E20: =IF('ORDER VS WEEK DISTRIBUTION'!E65="","",'ORDER VS WEEK DISTRIBUTION'!E65) | F20: =IF('ORDER VS WEEK DISTRIBUTION'!F65="","",'ORDER VS WEEK DISTRIBUTION'!F65) | G20: =IF('ORDER VS WEEK DISTRIBUTION'!G65="","",'ORDER VS WEEK DISTRIBUTION'!G65) | H20: =IF('ORDER VS WEEK DISTRIBUTION'!U65="","",'ORDER VS WEEK DISTRIBUTION'!U65) | I20: =IF('ORDER VS WEEK DISTRIBUTION'!V65="","",'ORDER VS WEEK DISTRIBUTION'!V65) | J20: =IF('ORDER VS WEEK DISTRIBUTION'!W65="","",'ORDER VS WEEK DISTRIBUTION'!W65) | K20: =IF('ORDER VS WEEK DISTRIBUTION'!X65="","",'ORDER VS WEEK DISTRIBUTION'!X65) | L20: =IF('ORDER VS WEEK DISTRIBUTION'!Y65="","",'ORDER VS WEEK DISTRIBUTION'!Y65) | M20: =IF('ORDER VS WEEK DISTRIBUTION'!Z65="","",'ORDER VS WEEK DISTRIBUTION'!Z65) | N20: =IF('ORDER VS WEEK DISTRIBUTION'!AA65="","",'ORDER VS WEEK DISTRIBUTION'!AA65) | O20: =IF('ORDER VS WEEK DISTRIBUTION'!AB65="","",'ORDER VS WEEK DISTRIBUTION'!AB65) | ... S20: =IF('ORDER VS WEEK DISTRIBUTION'!AF65="","",'ORDER VS WEEK DISTRIBUTION'!AF65)
D21: =IF('ORDER VS WEEK DISTRIBUTION'!D66="","",'ORDER VS WEEK DISTRIBUTION'!D66) | E21: =IF('ORDER VS WEEK DISTRIBUTION'!E66="","",'ORDER VS WEEK DISTRIBUTION'!E66) | F21: =IF('ORDER VS WEEK DISTRIBUTION'!F66="","",'ORDER VS WEEK DISTRIBUTION'!F66) | G21: =IF('ORDER VS WEEK DISTRIBUTION'!G66="","",'ORDER VS WEEK DISTRIBUTION'!G66) | H21: =IF('ORDER VS WEEK DISTRIBUTION'!U66="","",'ORDER VS WEEK DISTRIBUTION'!U66) | I21: =IF('ORDER VS WEEK DISTRIBUTION'!V66="","",'ORDER VS WEEK DISTRIBUTION'!V66) | J21: =IF('ORDER VS WEEK DISTRIBUTION'!W66="","",'ORDER VS WEEK DISTRIBUTION'!W66) | K21: =IF('ORDER VS WEEK DISTRIBUTION'!X66="","",'ORDER VS WEEK DISTRIBUTION'!X66) | L21: =IF('ORDER VS WEEK DISTRIBUTION'!Y66="","",'ORDER VS WEEK DISTRIBUTION'!Y66) | M21: =IF('ORDER VS WEEK DISTRIBUTION'!Z66="","",'ORDER VS WEEK DISTRIBUTION'!Z66) | N21: =IF('ORDER VS WEEK DISTRIBUTION'!AA66="","",'ORDER VS WEEK DISTRIBUTION'!AA66) | O21: =IF('ORDER VS WEEK DISTRIBUTION'!AB66="","",'ORDER VS WEEK DISTRIBUTION'!AB66) | ... S21: =IF('ORDER VS WEEK DISTRIBUTION'!AF66="","",'ORDER VS WEEK DISTRIBUTION'!AF66)

Sheet WORKING
A1: BUYER NAME | B1: NAV DOC NO | C1: Buyer Contact No | D1: Buyer Requested Shipment Date | E1: Month-yy | F1: Plan To Ship | G1: ITEM ID | H1: Column1 | I1: PRODUCT NAME | J1: MC ROUTING | K1: CONCAT | L1: BLEND NAME | M1: SFG NAME | N1: NO OF CTN PER CFC | O1: NO OF TBGS PER CTN | P1: ORDER QTY | Q1: STOCK IN PROCESS | R1: READY STOCK | S1: STOCK IN PROCESS + READY STOCK | T1: PENDING TO PRODUCE IN CASES | U1: PENDING TO PRODUCE IN TBGS | V1: WEEK START | W1: REPORTING WEEK | X1: CAPACITY GROUP | Y1: PENDING PROD IN CONTAINERS
A2: C.H.Robinson Trade Management | B2: MJIL/SO/26018843 | C2: PO 09794 | D2: 46262 | E2: =IF(ISNUMBER($D2),EOMONTH($D2,-1)+1,"") | F2: 46266 | G2: 17793 | H2: =B2&I2 | I2: DIPLOMAT ENGLISH BREAKFAST 10/50 DC TAG TBGS | J2: CONSTANTA TAG (D) | K2: =J2&"-"&TEXT(W2,"dd-mmm-yy") | L2: =IFERROR(VLOOKUP($M2,'ITEM MASTER'!E:H,4,0),"") | M2: =IFERROR(VLOOKUP($I2,'ITEM MASTER'!B:E,4,0),"") | N2: =IFERROR(VLOOKUP($I2,'ITEM MASTER'!B:F,5,0),0) | O2: =IFERROR(VLOOKUP($M2,'TBGS PER CTN'!B:C,2,0),0) | P2: 2852 | Q2: 0 | R2: 2852 | S2: =Q2+R2 | T2: 0 | U2: =N2*O2*T2 | V2: =IF(ISNUMBER($D2),$D2-WEEKDAY($D2,3),'ORDER VS WEEK DISTRIBUTION'!$G$500) | W2: =MAX($V2,'ORDER VS WEEK DISTRIBUTION'!$G$500) | X2: =IFERROR(VLOOKUP($J2,'ORDER VS WEEK DISTRIBUTION'!$T:$U,2,0),"") | Y2: =IFERROR($T2/IF(IFERROR(VLOOKUP($I2,'ITEM CFC PER CONTAINER'!$A:$B,2,0),0)>0,VLOOKUP($I2,'ITEM CFC PER CONTAINER'!$A:$B,2,0),VLOOKUP($X2,'MC MASTER'!$A:$Q,16,0)),"")
A3: Harris Tea Co. -Us | B3: MJIL/SO/26019690 | C3: AUG 2026 PLAN | D3: 46265 | E3: =IF(ISNUMBER($D3),EOMONTH($D3,-1)+1,"") | F3: 46266 | G3: 23604 | H3: =B3&I3 | I3: KEEFE 24/48 SC ENV TBGS | J3: MAISA ENV | K3: =J3&"-"&TEXT(W3,"dd-mmm-yy") | L3: =IFERROR(VLOOKUP($M3,'ITEM MASTER'!E:H,4,0),"") | M3: =IFERROR(VLOOKUP($I3,'ITEM MASTER'!B:E,4,0),"") | N3: =IFERROR(VLOOKUP($I3,'ITEM MASTER'!B:F,5,0),0) | O3: =IFERROR(VLOOKUP($M3,'TBGS PER CTN'!B:C,2,0),0) | P3: 730 | Q3: 0 | R3: 596 | S3: =Q3+R3 | T3: 134 | U3: =N3*O3*T3 | V3: =IF(ISNUMBER($D3),$D3-WEEKDAY($D3,3),'ORDER VS WEEK DISTRIBUTION'!$G$500) | W3: =MAX($V3,'ORDER VS WEEK DISTRIBUTION'!$G$500) | X3: =IFERROR(VLOOKUP($J3,'ORDER VS WEEK DISTRIBUTION'!$T:$U,2,0),"") | Y3: =IFERROR($T3/IF(IFERROR(VLOOKUP($I3,'ITEM CFC PER CONTAINER'!$A:$B,2,0),0)>0,VLOOKUP($I3,'ITEM CFC PER CONTAINER'!$A:$B,2,0),VLOOKUP($X3,'MC MASTER'!$A:$Q,16,0)),"")
A4: Harris Tea Co. -Us | B4: MJIL/SO/26019690 | C4: AUG 2026 PLAN | D4: 46265 | E4: =IF(ISNUMBER($D4),EOMONTH($D4,-1)+1,"") | F4: 46266 | G4: 23760 | H4: =B4&I4 | I4: SPROUTS FARMERS MARKET ORGANIC GREEN TEA 12/100 SC ENV TBGS | J4: MAISA ENV | K4: =J4&"-"&TEXT(W4,"dd-mmm-yy") | L4: =IFERROR(VLOOKUP($M4,'ITEM MASTER'!E:H,4,0),"") | M4: =IFERROR(VLOOKUP($I4,'ITEM MASTER'!B:E,4,0),"") | N4: =IFERROR(VLOOKUP($I4,'ITEM MASTER'!B:F,5,0),0) | O4: =IFERROR(VLOOKUP($M4,'TBGS PER CTN'!B:C,2,0),0) | P4: 828 | Q4: 0 | R4: 828 | S4: =Q4+R4 | T4: 0 | U4: =N4*O4*T4 | V4: =IF(ISNUMBER($D4),$D4-WEEKDAY($D4,3),'ORDER VS WEEK DISTRIBUTION'!$G$500) | W4: =MAX($V4,'ORDER VS WEEK DISTRIBUTION'!$G$500) | X4: =IFERROR(VLOOKUP($J4,'ORDER VS WEEK DISTRIBUTION'!$T:$U,2,0),"") | Y4: =IFERROR($T4/IF(IFERROR(VLOOKUP($I4,'ITEM CFC PER CONTAINER'!$A:$B,2,0),0)>0,VLOOKUP($I4,'ITEM CFC PER CONTAINER'!$A:$B,2,0),VLOOKUP($X4,'MC MASTER'!$A:$Q,16,0)),"")
A5: Harris Tea Co. -Us | B5: MJIL/SO/26019690 | C5: AUG 2026 PLAN | D5: 46265 | E5: =IF(ISNUMBER($D5),EOMONTH($D5,-1)+1,"") | F5: 46266 | G5: 23224 | H5: =B5&I5 | I5: TRSCO 32-3 OZ AB RND RFA ITBS | J5: BREW MAGIC | K5: =J5&"-"&TEXT(W5,"dd-mmm-yy") | L5: =IFERROR(VLOOKUP($M5,'ITEM MASTER'!E:H,4,0),"") | M5: =IFERROR(VLOOKUP($I5,'ITEM MASTER'!B:E,4,0),"") | N5: =IFERROR(VLOOKUP($I5,'ITEM MASTER'!B:F,5,0),0) | O5: =IFERROR(VLOOKUP($M5,'TBGS PER CTN'!B:C,2,0),0) | P5: 140 | Q5: 0 | R5: 140 | S5: =Q5+R5 | T5: 0 | U5: =N5*O5*T5 | V5: =IF(ISNUMBER($D5),$D5-WEEKDAY($D5,3),'ORDER VS WEEK DISTRIBUTION'!$G$500) | W5: =MAX($V5,'ORDER VS WEEK DISTRIBUTION'!$G$500) | X5: =IFERROR(VLOOKUP($J5,'ORDER VS WEEK DISTRIBUTION'!$T:$U,2,0),"") | Y5: =IFERROR($T5/IF(IFERROR(VLOOKUP($I5,'ITEM CFC PER CONTAINER'!$A:$B,2,0),0)>0,VLOOKUP($I5,'ITEM CFC PER CONTAINER'!$A:$B,2,0),VLOOKUP($X5,'MC MASTER'!$A:$Q,16,0)),"")
A6: MATATA TRADE FZE DMCC | B6: MJIL/SO/25066914 | C6: MJ-139/25-26 (MA26056)/2 | D6: 46104 | E6: =IF(ISNUMBER($D6),EOMONTH($D6,-1)+1,"") | F6: 46266 | G6: 35724 | H6: =B6&I6 | I6: AKOUNA INSTANT COFFEE 9/150 SACHETS (15 STRIPS X 10 SACHETS X 1.5 GMS) WITH HANGER | J6: INSTANT COFFEE STICK PACK | K6: =J6&"-"&TEXT(W6,"dd-mmm-yy") | L6: =IFERROR(VLOOKUP($M6,'ITEM MASTER'!E:H,4,0),"") | M6: =IFERROR(VLOOKUP($I6,'ITEM MASTER'!B:E,4,0),"") | N6: =IFERROR(VLOOKUP($I6,'ITEM MASTER'!B:F,5,0),0) | O6: =IFERROR(VLOOKUP($M6,'TBGS PER CTN'!B:C,2,0),0) | P6: 550 | Q6: 0 | R6: 550 | S6: =Q6+R6 | T6: 0 | U6: =N6*O6*T6 | V6: =IF(ISNUMBER($D6),$D6-WEEKDAY($D6,3),'ORDER VS WEEK DISTRIBUTION'!$G$500) | W6: =MAX($V6,'ORDER VS WEEK DISTRIBUTION'!$G$500) | X6: =IFERROR(VLOOKUP($J6,'ORDER VS WEEK DISTRIBUTION'!$T:$U,2,0),"") | Y6: =IFERROR($T6/IF(IFERROR(VLOOKUP($I6,'ITEM CFC PER CONTAINER'!$A:$B,2,0),0)>0,VLOOKUP($I6,'ITEM CFC PER CONTAINER'!$A:$B,2,0),VLOOKUP($X6,'MC MASTER'!$A:$Q,16,0)),"")
A7: Multitrade Overseas Pte. Ltd. | B7: MJIL/SO/26012321 | C7: MJ-024/26-27 / 4 - ETKAF | D7: 46253 | E7: =IF(ISNUMBER($D7),EOMONTH($D7,-1)+1,"") | F7: 46266 | G7: 2023 | H7: =B7&I7 | I7: GV MINT 24/25 DC ENV TBGS WITH TSHIRT | J7: CONSTANTA ENV | K7: =J7&"-"&TEXT(W7,"dd-mmm-yy") | L7: =IFERROR(VLOOKUP($M7,'ITEM MASTER'!E:H,4,0),"") | M7: =IFERROR(VLOOKUP($I7,'ITEM MASTER'!B:E,4,0),"") | N7: =IFERROR(VLOOKUP($I7,'ITEM MASTER'!B:F,5,0),0) | O7: =IFERROR(VLOOKUP($M7,'TBGS PER CTN'!B:C,2,0),0) | P7: 4000 | Q7: 0 | R7: 4000 | S7: =Q7+R7 | T7: 0 | U7: =N7*O7*T7 | V7: =IF(ISNUMBER($D7),$D7-WEEKDAY($D7,3),'ORDER VS WEEK DISTRIBUTION'!$G$500) | W7: =MAX($V7,'ORDER VS WEEK DISTRIBUTION'!$G$500) | X7: =IFERROR(VLOOKUP($J7,'ORDER VS WEEK DISTRIBUTION'!$T:$U,2,0),"") | Y7: =IFERROR($T7/IF(IFERROR(VLOOKUP($I7,'ITEM CFC PER CONTAINER'!$A:$B,2,0),0)>0,VLOOKUP($I7,'ITEM CFC PER CONTAINER'!$A:$B,2,0),VLOOKUP($X7,'MC MASTER'!$A:$Q,16,0)),"")
A8: Multitrade Overseas Pte. Ltd. | B8: MJIL/SO/26012321 | C8: MJ-024/26-27 / 4 - ETKAF | D8: 46253 | E8: =IF(ISNUMBER($D8),EOMONTH($D8,-1)+1,"") | F8: 46266 | G8: 1933 | H8: =B8&I8 | I8: GV GARDEN STRAWBERRY 24/25 DC ENV TBGS WITH TSHIRT | J8: CONSTANTA ENV | K8: =J8&"-"&TEXT(W8,"dd-mmm-yy") | L8: =IFERROR(VLOOKUP($M8,'ITEM MASTER'!E:H,4,0),"") | M8: =IFERROR(VLOOKUP($I8,'ITEM MASTER'!B:E,4,0),"") | N8: =IFERROR(VLOOKUP($I8,'ITEM MASTER'!B:F,5,0),0) | O8: =IFERROR(VLOOKUP($M8,'TBGS PER CTN'!B:C,2,0),0) | P8: 4750 | Q8: 0 | R8: 4750 | S8: =Q8+R8 | T8: 0 | U8: =N8*O8*T8 | V8: =IF(ISNUMBER($D8),$D8-WEEKDAY($D8,3),'ORDER VS WEEK DISTRIBUTION'!$G$500) | W8: =MAX($V8,'ORDER VS WEEK DISTRIBUTION'!$G$500) | X8: =IFERROR(VLOOKUP($J8,'ORDER VS WEEK DISTRIBUTION'!$T:$U,2,0),"") | Y8: =IFERROR($T8/IF(IFERROR(VLOOKUP($I8,'ITEM CFC PER CONTAINER'!$A:$B,2,0),0)>0,VLOOKUP($I8,'ITEM CFC PER CONTAINER'!$A:$B,2,0),VLOOKUP($X8,'MC MASTER'!$A:$Q,16,0)),"")
A9: Multitrade Overseas Pte. Ltd. | B9: MJIL/SO/26012321 | C9: MJ-024/26-27 / 4 - ETKAF | D9: 46253 | E9: =IF(ISNUMBER($D9),EOMONTH($D9,-1)+1,"") | F9: 46266 | G9: 2131 | H9: =B9&I9 | I9: GV SPICY GINGER 24/25 DC ENV TBGS WITH TSHIRT | J9: CONSTANTA ENV | K9: =J9&"-"&TEXT(W9,"dd-mmm-yy") | L9: =IFERROR(VLOOKUP($M9,'ITEM MASTER'!E:H,4,0),"") | M9: =IFERROR(VLOOKUP($I9,'ITEM MASTER'!B:E,4,0),"") | N9: =IFERROR(VLOOKUP($I9,'ITEM MASTER'!B:F,5,0),0) | O9: =IFERROR(VLOOKUP($M9,'TBGS PER CTN'!B:C,2,0),0) | P9: 3000 | Q9: 0 | R9: 3000 | S9: =Q9+R9 | T9: 0 | U9: =N9*O9*T9 | V9: =IF(ISNUMBER($D9),$D9-WEEKDAY($D9,3),'ORDER VS WEEK DISTRIBUTION'!$G$500) | W9: =MAX($V9,'ORDER VS WEEK DISTRIBUTION'!$G$500) | X9: =IFERROR(VLOOKUP($J9,'ORDER VS WEEK DISTRIBUTION'!$T:$U,2,0),"") | Y9: =IFERROR($T9/IF(IFERROR(VLOOKUP($I9,'ITEM CFC PER CONTAINER'!$A:$B,2,0),0)>0,VLOOKUP($I9,'ITEM CFC PER CONTAINER'!$A:$B,2,0),VLOOKUP($X9,'MC MASTER'!$A:$Q,16,0)),"")
A10: Multitrade Overseas Pte. Ltd. | B10: MJIL/SO/26012321 | C10: MJ-024/26-27 / 4 - ETKAF | D10: 46253 | E10: =IF(ISNUMBER($D10),EOMONTH($D10,-1)+1,"") | F10: 46266 | G10: 2051 | H10: =B10&I10 | I10: GV ORANGE 24/25 DC ENV TBGS WITH TSHIRT | J10: CONSTANTA ENV | K10: =J10&"-"&TEXT(W10,"dd-mmm-yy") | L10: =IFERROR(VLOOKUP($M10,'ITEM MASTER'!E:H,4,0),"") | M10: =IFERROR(VLOOKUP($I10,'ITEM MASTER'!B:E,4,0),"") | N10: =IFERROR(VLOOKUP($I10,'ITEM MASTER'!B:F,5,0),0) | O10: =IFERROR(VLOOKUP($M10,'TBGS PER CTN'!B:C,2,0),0) | P10: 440 | Q10: 0 | R10: 440 | S10: =Q10+R10 | T10: 0 | U10: =N10*O10*T10 | V10: =IF(ISNUMBER($D10),$D10-WEEKDAY($D10,3),'ORDER VS WEEK DISTRIBUTION'!$G$500) | W10: =MAX($V10,'ORDER VS WEEK DISTRIBUTION'!$G$500) | X10: =IFERROR(VLOOKUP($J10,'ORDER VS WEEK DISTRIBUTION'!$T:$U,2,0),"") | Y10: =IFERROR($T10/IF(IFERROR(VLOOKUP($I10,'ITEM CFC PER CONTAINER'!$A:$B,2,0),0)>0,VLOOKUP($I10,'ITEM CFC PER CONTAINER'!$A:$B,2,0),VLOOKUP($X10,'MC MASTER'!$A:$Q,16,0)),"")
A11: Multitrade Overseas Pte. Ltd. | B11: MJIL/SO/26012321 | C11: MJ-024/26-27 / 4 - ETKAF | D11: 46253 | E11: =IF(ISNUMBER($D11),EOMONTH($D11,-1)+1,"") | F11: 46266 | G11: 2105 | H11: =B11&I11 | I11: GV ROYAL LEMON 24/25 DC ENV TBGS WITH TSHIRT | J11: CONSTANTA ENV | K11: =J11&"-"&TEXT(W11,"dd-mmm-yy") | L11: =IFERROR(VLOOKUP($M11,'ITEM MASTER'!E:H,4,0),"") | M11: =IFERROR(VLOOKUP($I11,'ITEM MASTER'!B:E,4,0),"") | N11: =IFERROR(VLOOKUP($I11,'ITEM MASTER'!B:F,5,0),0) | O11: =IFERROR(VLOOKUP($M11,'TBGS PER CTN'!B:C,2,0),0) | P11: 50 | Q11: 0 | R11: 50 | S11: =Q11+R11 | T11: 0 | U11: =N11*O11*T11 | V11: =IF(ISNUMBER($D11),$D11-WEEKDAY($D11,3),'ORDER VS WEEK DISTRIBUTION'!$G$500) | W11: =MAX($V11,'ORDER VS WEEK DISTRIBUTION'!$G$500) | X11: =IFERROR(VLOOKUP($J11,'ORDER VS WEEK DISTRIBUTION'!$T:$U,2,0),"") | Y11: =IFERROR($T11/IF(IFERROR(VLOOKUP($I11,'ITEM CFC PER CONTAINER'!$A:$B,2,0),0)>0,VLOOKUP($I11,'ITEM CFC PER CONTAINER'!$A:$B,2,0),VLOOKUP($X11,'MC MASTER'!$A:$Q,16,0)),"")
A12: Multitrade Overseas Pte. Ltd. | B12: MJIL/SO/26012321 | C12: MJ-024/26-27 / 4 - ETKAF | D12: 46253 | E12: =IF(ISNUMBER($D12),EOMONTH($D12,-1)+1,"") | F12: 46266 | G12: 37183 | H12: =B12&I12 | I12: TEZ CAFE INSTANT COFFEE 9/150 SACHETS (15 STRIPS X 10 SACHETS X 2 GMS) WITH HANGER | J12: INSTANT COFFEE STICK PACK | K12: =J12&"-"&TEXT(W12,"dd-mmm-yy") | L12: =IFERROR(VLOOKUP($M12,'ITEM MASTER'!E:H,4,0),"") | M12: =IFERROR(VLOOKUP($I12,'ITEM MASTER'!B:E,4,0),"") | N12: =IFERROR(VLOOKUP($I12,'ITEM MASTER'!B:F,5,0),0) | O12: =IFERROR(VLOOKUP($M12,'TBGS PER CTN'!B:C,2,0),0) | P12: 300 | Q12: 0 | R12: 103 | S12: =Q12+R12 | T12: 197 | U12: =N12*O12*T12 | V12: =IF(ISNUMBER($D12),$D12-WEEKDAY($D12,3),'ORDER VS WEEK DISTRIBUTION'!$G$500) | W12: =MAX($V12,'ORDER VS WEEK DISTRIBUTION'!$G$500) | X12: =IFERROR(VLOOKUP($J12,'ORDER VS WEEK DISTRIBUTION'!$T:$U,2,0),"") | Y12: =IFERROR($T12/IF(IFERROR(VLOOKUP($I12,'ITEM CFC PER CONTAINER'!$A:$B,2,0),0)>0,VLOOKUP($I12,'ITEM CFC PER CONTAINER'!$A:$B,2,0),VLOOKUP($X12,'MC MASTER'!$A:$Q,16,0)),"")
A13: Multitrade Overseas Pte. Ltd. | B13: MJIL/SO/26012321 | C13: MJ-024/26-27 / 4 - ETKAF | D13: 46253 | E13: =IF(ISNUMBER($D13),EOMONTH($D13,-1)+1,"") | F13: 46266 | G13: 33935 | H13: =B13&I13 | I13: TEZ CAFE CAPPUCCINO 3 IN 1 (25GMS) 12 STRIPS X 10 SACHETS WITH HANGER | J13: CONSTANTA ENV | K13: =J13&"-"&TEXT(W13,"dd-mmm-yy") | L13: =IFERROR(VLOOKUP($M13,'ITEM MASTER'!E:H,4,0),"") | M13: =IFERROR(VLOOKUP($I13,'ITEM MASTER'!B:E,4,0),"") | N13: =IFERROR(VLOOKUP($I13,'ITEM MASTER'!B:F,5,0),0) | O13: =IFERROR(VLOOKUP($M13,'TBGS PER CTN'!B:C,2,0),0) | P13: 300 | Q13: 0 | R13: 300 | S13: =Q13+R13 | T13: 0 | U13: =N13*O13*T13 | V13: =IF(ISNUMBER($D13),$D13-WEEKDAY($D13,3),'ORDER VS WEEK DISTRIBUTION'!$G$500) | W13: =MAX($V13,'ORDER VS WEEK DISTRIBUTION'!$G$500) | X13: =IFERROR(VLOOKUP($J13,'ORDER VS WEEK DISTRIBUTION'!$T:$U,2,0),"") | Y13: =IFERROR($T13/IF(IFERROR(VLOOKUP($I13,'ITEM CFC PER CONTAINER'!$A:$B,2,0),0)>0,VLOOKUP($I13,'ITEM CFC PER CONTAINER'!$A:$B,2,0),VLOOKUP($X13,'MC MASTER'!$A:$Q,16,0)),"")
... A41: Llc `Jay Tea` | B41: MJIL/SO/26037943 | C41: JT-MJIPL-03-03/19 ORDER NO.30 | D41: 46311 | E41: =IF(ISNUMBER($D41),EOMONTH($D41,-1)+1,"") | F41: 46280 | G41: 38286 | H41: =B41&I41 | I41: JUNGLE KING CTC 36/250 GMS PKT TEA | J41: Pearl Pack-FFS POUCH | K41: =J41&"-"&TEXT(W41,"dd-mmm-yy") | L41: =IFERROR(VLOOKUP($M41,'ITEM MASTER'!E:H,4,0),"") | M41: =IFERROR(VLOOKUP($I41,'ITEM MASTER'!B:E,4,0),"") | N41: =IFERROR(VLOOKUP($I41,'ITEM MASTER'!B:F,5,0),0) | O41: =IFERROR(VLOOKUP($M41,'TBGS PER CTN'!B:C,2,0),0) | P41: 2250 | Q41: 0 | R41: 0 | S41: =Q41+R41 | T41: 2250 | U41: =N41*O41*T41 | V41: =IF(ISNUMBER($D41),$D41-WEEKDAY($D41,3),'ORDER VS WEEK DISTRIBUTION'!$G$500) | W41: =MAX($V41,'ORDER VS WEEK DISTRIBUTION'!$G$500) | X41: =IFERROR(VLOOKUP($J41,'ORDER VS WEEK DISTRIBUTION'!$T:$U,2,0),"") | Y41: =IFERROR($T41/IF(IFERROR(VLOOKUP($I41,'ITEM CFC PER CONTAINER'!$A:$B,2,0),0)>0,VLOOKUP($I41,'ITEM CFC PER CONTAINER'!$A:$B,2,0),VLOOKUP($X41,'MC MASTER'!$A:$Q,16,0)),"")
A42: Llc `Jay Tea` | B42: MJIL/SO/26037980 | C42: JT-MJIPL-03-03/19 ORDER NO.31 | D42: 46305 | E42: =IF(ISNUMBER($D42),EOMONTH($D42,-1)+1,"") | F42: 46280 | G42: 32391 | H42: =B42&I42 | I42: STD R 135 BULK, 30 KGS - PP BAGS | K42: =J42&"-"&TEXT(W42,"dd-mmm-yy") | L42: =IFERROR(VLOOKUP($M42,'ITEM MASTER'!E:H,4,0),"") | M42: =IFERROR(VLOOKUP($I42,'ITEM MASTER'!B:E,4,0),"") | N42: =IFERROR(VLOOKUP($I42,'ITEM MASTER'!B:F,5,0),0) | O42: =IFERROR(VLOOKUP($M42,'TBGS PER CTN'!B:C,2,0),0) | P42: 567 | Q42: 0 | R42: 0 | S42: =Q42+R42 | T42: 567 | U42: =N42*O42*T42 | V42: =IF(ISNUMBER($D42),$D42-WEEKDAY($D42,3),'ORDER VS WEEK DISTRIBUTION'!$G$500) | W42: =MAX($V42,'ORDER VS WEEK DISTRIBUTION'!$G$500) | X42: =IFERROR(VLOOKUP($J42,'ORDER VS WEEK DISTRIBUTION'!$T:$U,2,0),"") | Y42: =IFERROR($T42/IF(IFERROR(VLOOKUP($I42,'ITEM CFC PER CONTAINER'!$A:$B,2,0),0)>0,VLOOKUP($I42,'ITEM CFC PER CONTAINER'!$A:$B,2,0),VLOOKUP($X42,'MC MASTER'!$A:$Q,16,0)),"")
A43: Llc `Jay Tea` | B43: MJIL/SO/26037980 | C43: JT-MJIPL-03-03/19 ORDER NO.31 | D43: 46305 | E43: =IF(ISNUMBER($D43),EOMONTH($D43,-1)+1,"") | F43: 46280 | G43: 32985 | H43: =B43&I43 | I43: GV CLASSIC EARL GREY 18/25 DC TAG TBGS | J43: CONSTANTA TAG | K43: =J43&"-"&TEXT(W43,"dd-mmm-yy") | L43: =IFERROR(VLOOKUP($M43,'ITEM MASTER'!E:H,4,0),"") | M43: =IFERROR(VLOOKUP($I43,'ITEM MASTER'!B:E,4,0),"") | N43: =IFERROR(VLOOKUP($I43,'ITEM MASTER'!B:F,5,0),0) | O43: =IFERROR(VLOOKUP($M43,'TBGS PER CTN'!B:C,2,0),0) | P43: 400 | Q43: 0 | R43: 0 | S43: =Q43+R43 | T43: 400 | U43: =N43*O43*T43 | V43: =IF(ISNUMBER($D43),$D43-WEEKDAY($D43,3),'ORDER VS WEEK DISTRIBUTION'!$G$500) | W43: =MAX($V43,'ORDER VS WEEK DISTRIBUTION'!$G$500) | X43: =IFERROR(VLOOKUP($J43,'ORDER VS WEEK DISTRIBUTION'!$T:$U,2,0),"") | Y43: =IFERROR($T43/IF(IFERROR(VLOOKUP($I43,'ITEM CFC PER CONTAINER'!$A:$B,2,0),0)>0,VLOOKUP($I43,'ITEM CFC PER CONTAINER'!$A:$B,2,0),VLOOKUP($X43,'MC MASTER'!$A:$Q,16,0)),"")
A44: Llc `Jay Tea` | B44: MJIL/SO/26037980 | C44: JT-MJIPL-03-03/19 ORDER NO.31 | D44: 46305 | E44: =IF(ISNUMBER($D44),EOMONTH($D44,-1)+1,"") | F44: 46280 | G44: 38287 | H44: =B44&I44 | I44: GV CLASSIC EARL GREY 18/100 DC TAG TBGS | J44: CONSTANTA ENV | K44: =J44&"-"&TEXT(W44,"dd-mmm-yy") | L44: =IFERROR(VLOOKUP($M44,'ITEM MASTER'!E:H,4,0),"") | M44: =IFERROR(VLOOKUP($I44,'ITEM MASTER'!B:E,4,0),"") | N44: =IFERROR(VLOOKUP($I44,'ITEM MASTER'!B:F,5,0),0) | O44: =IFERROR(VLOOKUP($M44,'TBGS PER CTN'!B:C,2,0),0) | P44: 300 | Q44: 0 | R44: 0 | S44: =Q44+R44 | T44: 300 | U44: =N44*O44*T44 | V44: =IF(ISNUMBER($D44),$D44-WEEKDAY($D44,3),'ORDER VS WEEK DISTRIBUTION'!$G$500) | W44: =MAX($V44,'ORDER VS WEEK DISTRIBUTION'!$G$500) | X44: =IFERROR(VLOOKUP($J44,'ORDER VS WEEK DISTRIBUTION'!$T:$U,2,0),"") | Y44: =IFERROR($T44/IF(IFERROR(VLOOKUP($I44,'ITEM CFC PER CONTAINER'!$A:$B,2,0),0)>0,VLOOKUP($I44,'ITEM CFC PER CONTAINER'!$A:$B,2,0),VLOOKUP($X44,'MC MASTER'!$A:$Q,16,0)),"")
A45: Llc `Jay Tea` | B45: MJIL/SO/26037980 | C45: JT-MJIPL-03-03/19 ORDER NO.31 | D45: 46305 | E45: =IF(ISNUMBER($D45),EOMONTH($D45,-1)+1,"") | F45: 46280 | G45: 38288 | H45: =B45&I45 | I45: INDUS FRUITS & BERRIES 6/100 (4 VARIETIES X 25 TBGS) DC TAG TBGS | J45: CONSTANTA TAG D | K45: =J45&"-"&TEXT(W45,"dd-mmm-yy") | L45: =IFERROR(VLOOKUP($M45,'ITEM MASTER'!E:H,4,0),"") | M45: =IFERROR(VLOOKUP($I45,'ITEM MASTER'!B:E,4,0),"") | N45: =IFERROR(VLOOKUP($I45,'ITEM MASTER'!B:F,5,0),0) | O45: =IFERROR(VLOOKUP($M45,'TBGS PER CTN'!B:C,2,0),0) | P45: 1500 | Q45: 0 | R45: 0 | S45: =Q45+R45 | T45: 1500 | U45: =N45*O45*T45 | V45: =IF(ISNUMBER($D45),$D45-WEEKDAY($D45,3),'ORDER VS WEEK DISTRIBUTION'!$G$500) | W45: =MAX($V45,'ORDER VS WEEK DISTRIBUTION'!$G$500) | X45: =IFERROR(VLOOKUP($J45,'ORDER VS WEEK DISTRIBUTION'!$T:$U,2,0),"") | Y45: =IFERROR($T45/IF(IFERROR(VLOOKUP($I45,'ITEM CFC PER CONTAINER'!$A:$B,2,0),0)>0,VLOOKUP($I45,'ITEM CFC PER CONTAINER'!$A:$B,2,0),VLOOKUP($X45,'MC MASTER'!$A:$Q,16,0)),"")
A46: Plac General Trading Fzco | B46: MJIL/SO/26027049 | C46: MJ-053/26-27 + MJ-054/26-27 | D46: 46291 | E46: =IF(ISNUMBER($D46),EOMONTH($D46,-1)+1,"") | F46: 46280 | G46: 27579 | H46: =B46&I46 | I46: GINNY STRAWBERRY 24/25 DC ENV TBGS | J46: CONSTANTA ENV | K46: =J46&"-"&TEXT(W46,"dd-mmm-yy") | L46: =IFERROR(VLOOKUP($M46,'ITEM MASTER'!E:H,4,0),"") | M46: =IFERROR(VLOOKUP($I46,'ITEM MASTER'!B:E,4,0),"") | N46: =IFERROR(VLOOKUP($I46,'ITEM MASTER'!B:F,5,0),0) | O46: =IFERROR(VLOOKUP($M46,'TBGS PER CTN'!B:C,2,0),0) | P46: 5200 | Q46: 0 | R46: 5147 | S46: =Q46+R46 | T46: 53 | U46: =N46*O46*T46 | V46: =IF(ISNUMBER($D46),$D46-WEEKDAY($D46,3),'ORDER VS WEEK DISTRIBUTION'!$G$500) | W46: =MAX($V46,'ORDER VS WEEK DISTRIBUTION'!$G$500) | X46: =IFERROR(VLOOKUP($J46,'ORDER VS WEEK DISTRIBUTION'!$T:$U,2,0),"") | Y46: =IFERROR($T46/IF(IFERROR(VLOOKUP($I46,'ITEM CFC PER CONTAINER'!$A:$B,2,0),0)>0,VLOOKUP($I46,'ITEM CFC PER CONTAINER'!$A:$B,2,0),VLOOKUP($X46,'MC MASTER'!$A:$Q,16,0)),"")
A47: Plac General Trading Fzco | B47: MJIL/SO/26027049 | C47: MJ-053/26-27 + MJ-054/26-27 | D47: 46291 | E47: =IF(ISNUMBER($D47),EOMONTH($D47,-1)+1,"") | F47: 46280 | G47: 27578 | H47: =B47&I47 | I47: GINNY MINT 24/25 DC ENV TBGS | J47: CONSTANTA ENV | K47: =J47&"-"&TEXT(W47,"dd-mmm-yy") | L47: =IFERROR(VLOOKUP($M47,'ITEM MASTER'!E:H,4,0),"") | M47: =IFERROR(VLOOKUP($I47,'ITEM MASTER'!B:E,4,0),"") | N47: =IFERROR(VLOOKUP($I47,'ITEM MASTER'!B:F,5,0),0) | O47: =IFERROR(VLOOKUP($M47,'TBGS PER CTN'!B:C,2,0),0) | P47: 5200 | Q47: 0 | R47: 4732 | S47: =Q47+R47 | T47: 468 | U47: =N47*O47*T47 | V47: =IF(ISNUMBER($D47),$D47-WEEKDAY($D47,3),'ORDER VS WEEK DISTRIBUTION'!$G$500) | W47: =MAX($V47,'ORDER VS WEEK DISTRIBUTION'!$G$500) | X47: =IFERROR(VLOOKUP($J47,'ORDER VS WEEK DISTRIBUTION'!$T:$U,2,0),"") | Y47: =IFERROR($T47/IF(IFERROR(VLOOKUP($I47,'ITEM CFC PER CONTAINER'!$A:$B,2,0),0)>0,VLOOKUP($I47,'ITEM CFC PER CONTAINER'!$A:$B,2,0),VLOOKUP($X47,'MC MASTER'!$A:$Q,16,0)),"")
A48: Plac General Trading Fzco | B48: MJIL/SO/26027049 | C48: MJ-053/26-27 + MJ-054/26-27 | D48: 46291 | E48: =IF(ISNUMBER($D48),EOMONTH($D48,-1)+1,"") | F48: 46280 | G48: 26211 | H48: =B48&I48 | I48: GINNY GINGER 24/25 DC ENV TBGS | J48: CONSTANTA ENV | K48: =J48&"-"&TEXT(W48,"dd-mmm-yy") | L48: =IFERROR(VLOOKUP($M48,'ITEM MASTER'!E:H,4,0),"") | M48: =IFERROR(VLOOKUP($I48,'ITEM MASTER'!B:E,4,0),"") | N48: =IFERROR(VLOOKUP($I48,'ITEM MASTER'!B:F,5,0),0) | O48: =IFERROR(VLOOKUP($M48,'TBGS PER CTN'!B:C,2,0),0) | P48: 2000 | Q48: 0 | R48: 1436 | S48: =Q48+R48 | T48: 564 | U48: =N48*O48*T48 | V48: =IF(ISNUMBER($D48),$D48-WEEKDAY($D48,3),'ORDER VS WEEK DISTRIBUTION'!$G$500) | W48: =MAX($V48,'ORDER VS WEEK DISTRIBUTION'!$G$500) | X48: =IFERROR(VLOOKUP($J48,'ORDER VS WEEK DISTRIBUTION'!$T:$U,2,0),"") | Y48: =IFERROR($T48/IF(IFERROR(VLOOKUP($I48,'ITEM CFC PER CONTAINER'!$A:$B,2,0),0)>0,VLOOKUP($I48,'ITEM CFC PER CONTAINER'!$A:$B,2,0),VLOOKUP($X48,'MC MASTER'!$A:$Q,16,0)),"")
A49: Kaysun General Trading FZCO | B49: MJIL/SO/26029769 | C49: MJ-045/26-27 | D49: 46281 | E49: =IF(ISNUMBER($D49),EOMONTH($D49,-1)+1,"") | F49: 46281 | G49: 23441 | H49: =B49&I49 | I49: CHAYA STRAWBERRY 24/25 DC ENV TBGS | J49: CONSTANTA ENV | K49: =J49&"-"&TEXT(W49,"dd-mmm-yy") | L49: =IFERROR(VLOOKUP($M49,'ITEM MASTER'!E:H,4,0),"") | M49: =IFERROR(VLOOKUP($I49,'ITEM MASTER'!B:E,4,0),"") | N49: =IFERROR(VLOOKUP($I49,'ITEM MASTER'!B:F,5,0),0) | O49: =IFERROR(VLOOKUP($M49,'TBGS PER CTN'!B:C,2,0),0) | P49: 1550 | Q49: 0 | R49: 1550 | S49: =Q49+R49 | T49: 0 | U49: =N49*O49*T49 | V49: =IF(ISNUMBER($D49),$D49-WEEKDAY($D49,3),'ORDER VS WEEK DISTRIBUTION'!$G$500) | W49: =MAX($V49,'ORDER VS WEEK DISTRIBUTION'!$G$500) | X49: =IFERROR(VLOOKUP($J49,'ORDER VS WEEK DISTRIBUTION'!$T:$U,2,0),"") | Y49: =IFERROR($T49/IF(IFERROR(VLOOKUP($I49,'ITEM CFC PER CONTAINER'!$A:$B,2,0),0)>0,VLOOKUP($I49,'ITEM CFC PER CONTAINER'!$A:$B,2,0),VLOOKUP($X49,'MC MASTER'!$A:$Q,16,0)),"")
A50: Kaysun General Trading FZCO | B50: MJIL/SO/26029769 | C50: MJ-045/26-27 | D50: 46281 | E50: =IF(ISNUMBER($D50),EOMONTH($D50,-1)+1,"") | F50: 46281 | G50: 26187 | H50: =B50&I50 | I50: CHAYA COCKTAIL 24/25 DC ENV TBGS | J50: CONSTANTA ENV | K50: =J50&"-"&TEXT(W50,"dd-mmm-yy") | L50: =IFERROR(VLOOKUP($M50,'ITEM MASTER'!E:H,4,0),"") | M50: =IFERROR(VLOOKUP($I50,'ITEM MASTER'!B:E,4,0),"") | N50: =IFERROR(VLOOKUP($I50,'ITEM MASTER'!B:F,5,0),0) | O50: =IFERROR(VLOOKUP($M50,'TBGS PER CTN'!B:C,2,0),0) | P50: 1550 | Q50: 0 | R50: 197 | S50: =Q50+R50 | T50: 1353 | U50: =N50*O50*T50 | V50: =IF(ISNUMBER($D50),$D50-WEEKDAY($D50,3),'ORDER VS WEEK DISTRIBUTION'!$G$500) | W50: =MAX($V50,'ORDER VS WEEK DISTRIBUTION'!$G$500) | X50: =IFERROR(VLOOKUP($J50,'ORDER VS WEEK DISTRIBUTION'!$T:$U,2,0),"") | Y50: =IFERROR($T50/IF(IFERROR(VLOOKUP($I50,'ITEM CFC PER CONTAINER'!$A:$B,2,0),0)>0,VLOOKUP($I50,'ITEM CFC PER CONTAINER'!$A:$B,2,0),VLOOKUP($X50,'MC MASTER'!$A:$Q,16,0)),"")
A51: Kaysun General Trading FZCO | B51: MJIL/SO/26029769 | C51: MJ-045/26-27 | D51: 46281 | E51: =IF(ISNUMBER($D51),EOMONTH($D51,-1)+1,"") | F51: 46281 | G51: 23444 | H51: =B51&I51 | I51: CHAYA MINT 24/25 DC ENV TBGS | J51: CONSTANTA ENV | K51: =J51&"-"&TEXT(W51,"dd-mmm-yy") | L51: =IFERROR(VLOOKUP($M51,'ITEM MASTER'!E:H,4,0),"") | M51: =IFERROR(VLOOKUP($I51,'ITEM MASTER'!B:E,4,0),"") | N51: =IFERROR(VLOOKUP($I51,'ITEM MASTER'!B:F,5,0),0) | O51: =IFERROR(VLOOKUP($M51,'TBGS PER CTN'!B:C,2,0),0) | P51: 1050 | Q51: 0 | R51: 974 | S51: =Q51+R51 | T51: 76 | U51: =N51*O51*T51 | V51: =IF(ISNUMBER($D51),$D51-WEEKDAY($D51,3),'ORDER VS WEEK DISTRIBUTION'!$G$500) | W51: =MAX($V51,'ORDER VS WEEK DISTRIBUTION'!$G$500) | X51: =IFERROR(VLOOKUP($J51,'ORDER VS WEEK DISTRIBUTION'!$T:$U,2,0),"") | Y51: =IFERROR($T51/IF(IFERROR(VLOOKUP($I51,'ITEM CFC PER CONTAINER'!$A:$B,2,0),0)>0,VLOOKUP($I51,'ITEM CFC PER CONTAINER'!$A:$B,2,0),VLOOKUP($X51,'MC MASTER'!$A:$Q,16,0)),"")
